"mean intensity","intensity sd","max intensity","min intensity","median intensity","mode intensity","intensity skewness","intensity kurtosis","volume object","volume ellipsoid","volume box","volume ball","surface area","Feret diameter","mean breadth","geodesic diameter","ball radius","semi-axis a","semi-axis b","semi-axis c","mean radius","radius sd","max radius","min radius","compactness","discrete compactness","sphericity","Euler number","geodesic elongation","semi-axes ratio a/b","semi-axes ratio a/c","semi-axes ratio b/c","object vol./ellipsoid vol. ratio","object vol./box vol. ratio","ball vol./object vol. ratio","x coordinate","y coordinate","z coordinate","semi-axis a trend","semi-axis a plunge","semi-axis b trend","semi-axis b plunge","semi-axis c trend","semi-axis c plunge"
176.596,33.942,254,127,173,128,0.348,-0.953,392707,392729.410950663,753571,333038.142811952,26695.0753666667,91.4549102783203,86.149,101.667,43,45.443,45.437,45.422,45.0023715151589,0.280788934705258,45.7288823514718,44.1466101529491,0.916845599303874,0.996609336354222,0.971475982775432,2.5,1.182,1,1,1,0.999942935390022,0.521128068888001,0.848057566613153,200.000241910636,600.001390349548,99.998757343261,267.246413096742,1.60522065284608,357.306388962315,0.744724995103326,113.198590513648,88.2551329852448
176.561,33.954,254,127,173,128,0.348,-0.953,392977,392994.595481179,753571,333038.142811952,26428.4283333333,91.3454971313477,89.036,101.667,43,45.471,45.443,45.418,45.0135391188032,0.275214197224911,45.7284736279636,44.2818582200783,0.946177526402582,0.996771091460984,0.981727318263729,2,1.182,1.001,1.001,1.001,0.999955227167546,0.521486362930633,0.847474897543499,300.000170493439,600.000804118307,99.9987403842973,90.719758361513,37.2344810078599,355.375425462185,6.95274711108916,256.414008792111,51.8916422862426
176.618,33.933,254,127,173,128,0.347,-0.953,392556,392576.33934298,753571,333038.142811952,26220.1776,91.4330368041992,89.857,101.667,43,45.45,45.426,45.408,44.9973289521226,0.277903404014131,45.7173868837632,44.2472296903859,0.966826901179495,0.996919562478888,0.988817723167665,1,1.182,1.001,1.001,1,0.99994819009466,0.520927689627122,0.848383779160047,399.999304557821,600.000873760686,99.9981276556721,289.630702275808,1.14561395773547,19.7079788429787,4.70479898803679,186.115503566285,85.151773811242
176.56,33.953,254,127,173,128,0.349,-0.953,392982,392999.53616135,753571,333038.142811952,26427.5810333333,91.4549102783203,89.088,101.667,43,45.471,45.443,45.419,45.0137725677341,0.275135286473574,45.7280687860458,44.2817777900287,0.946292615727531,0.996770390181813,0.981767121137372,1.5,1.182,1.001,1.001,1.001,0.999955378671635,0.521492998005497,0.84746411492626,499.999208615153,600.000529286329,99.9986971413449,272.213572787789,36.6431085384757,176.528272509899,7.58844383535559,76.5771296283751,52.2838771624321
176.68,33.915,254,127,173,128,0.347,-0.952,392003,392019.278335747,753571,333038.142811952,26152.5359333333,91.2030715942383,91.646,101.333,43,45.42,45.42,45.379,44.9759103099201,0.275060730789025,45.701096117876,44.2312878575078,0.97160498057129,0.996959933115556,0.990443966628531,1,1.178,1,1.001,1.001,0.99995847567544,0.520193850347213,0.849580597117756,100.000364793127,600.001602028556,100.251929194419,358.566470883998,1.77682084013223,268.510645273449,0.343654419088113,167.275644314578,88.1779034327023
176.679,33.916,254,127,173,128,0.347,-0.952,392003,392019.278335714,753571,333038.142811952,26152.5359333333,91.2030715942383,91.646,101.333,43,45.42,45.42,45.379,44.9759103099202,0.275060730783992,45.701096117876,44.2312878575078,0.97160498057129,0.996959933115556,0.990443966628531,1,1.178,1,1.001,1.001,0.999958475675526,0.520193850347213,0.849580597117756,599.998397971444,600.000364793127,100.251929194419,88.5664708839984,1.77682084013223,358.510645273449,0.343654419088113,257.275644314578,88.1779034327023
176.544,33.962,254,127,173,128,0.349,-0.953,276104,276118.524112522,531441,235942.967181417,20646.1714333333,81.1233596801758,81.366,90,38.333,40.41,40.41,40.382,39.9709675438789,0.274343680136508,40.6744835203426,39.2697936401876,0.979668587603897,0.99658464691642,0.993176407018855,1,1.174,1,1.001,1.001,0.999947398992629,0.519538387139871,0.85454382110153,99.9998659925246,499.999942050821,99.7429374438617,23.386642153982,1.26602595146382e-11,293.386642153982,0.00475934098668315,113.386931736445,89.9952395281829
176.431,33.998,254,127,172,128,0.351,-0.954,276797,276814.272610759,531441,242164.258149294,20963.0863666667,81.535270690918,80.695,90.333,38.667,40.461,40.44,40.403,40.0048512809135,0.275569608769687,40.7677677717735,39.2560198512013,0.940609715574938,0.996334299835125,0.979797860423989,2.5,1.168,1.001,1.001,1.001,0.999937602166983,0.52084238890112,0.874880356901608,299.99992051937,499.999808523936,100.00045159449,113.823404054118,37.3724823686986,13.4224855501585,13.2360082086701,267.43754684206,49.5569388377905
176.425,34,254,127,172,128,0.35,-0.954,276801,276818.228746475,531441,242164.258149294,20963.89,81.3387985229492,80.695,90.333,38.667,40.461,40.441,40.403,40.0049790533275,0.275543905984407,40.7680324667872,39.2560157032343,0.940528729858649,0.996333280210142,0.979769739689231,2.5,1.168,1.001,1.001,1.001,0.999937761517539,0.520849915606812,0.874867714167559,500.000014450815,499.999790463185,100.000433524445,296.144479886278,37.6022565004714,194.881929107681,14.2374060122814,87.9079337205198,48.8760522081591
176.543,33.963,254,127,173,128,0.349,-0.953,276104,276118.524112523,531441,235942.967181417,20646.1714333333,81.1233596801758,81.366,90,38.333,40.41,40.41,40.382,39.9709675438789,0.274343680139309,40.6744835203425,39.2697936401876,0.979668587603897,0.99658464691642,0.993176407018855,1,1.174,1,1.001,1.001,0.999947398992624,0.519538387139871,0.85454382110153,600.000057949179,499.999865992525,99.7429374438617,113.386642153982,7.70499956886354e-12,23.386642153982,0.00475934098668315,203.386931736445,89.9952395281829
176.455,33.989,254,127,172,128,0.35,-0.954,276635,276655.684899821,531441,235942.967181417,21140.1485333333,81.535270690918,78.694,90.333,38.333,40.438,40.429,40.414,39.996695411608,0.280841953715822,40.7678594435383,39.1533947956656,0.916099240543173,0.996164524105167,0.971212300992323,3,1.178,1,1.001,1,0.999925232334089,0.520537557320568,0.852903526963027,200.000119290762,499.999902398467,99.9998084118062,319.591724529706,3.32573213822136,229.065155046413,8.92061924295801,69.8094083754595,80.4916000741143
176.455,33.981,254,127,172,128,0.35,-0.954,276662,276683.162042968,531441,235942.967181417,20819.7430666667,81.5107345581055,81.057,90.333,38.333,40.441,40.425,40.42,39.9971959093128,0.281847575413467,40.7556615693403,39.2169606120491,0.959235627627851,0.996488949620842,0.986222940160668,1,1.178,1,1.001,1,0.999923515248227,0.520588362583993,0.852820290395562,399.999884335398,499.999967469331,100.000372295436,237.39055241861,9.84545914187187,91.1288347966606,78.2832637018023,328.502078679686,6.3758748950984
176.214,34.075,254,127,172,128,0.353,-0.954,117290,117291.493693057,226981,102160.404304535,11449.1693,60.7782859802246,60.653,67.667,29,30.386,30.367,30.367,29.9421001004028,0.261106033724367,30.4275996299177,29.2669869901753,1.03669836574039,0.995762291149142,1.01208612565545,1,1.167,1.001,1.001,1,0.999987265120342,0.516739286548213,0.871006942659522,100.256415721715,399.743584278285,99.7435842782846,225,35.2643896827547,32.2018487457373,54.0533317235239,130.676305441573,6.08583469436255
176.214,34.075,254,127,172,128,0.353,-0.954,117290,117291.493693058,226981,102160.404304535,11449.1693,60.7782859802246,60.653,67.667,29,30.386,30.367,30.367,29.9421001004028,0.261106033726258,30.4275996299177,29.2669869901753,1.03669836574039,0.995762291149142,1.01208612565545,1,1.167,1.001,1.001,1,0.999987265120338,0.516739286548213,0.871006942659522,600.256415721715,400.256415721715,99.7435842782846,315,35.2643896827547,148.685763898309,53.9540085525248,49.6552425682909,6.54761395498453
176.118,34.098,254,127,172,128,0.354,-0.954,117562,117574.247928737,226981,102160.404304535,11751.2254666667,61.1637153625488,61.431,68,29,30.41,30.41,30.372,29.9643985281993,0.278947419939587,30.6618690752395,29.129732129511,0.963245143525406,0.9953180479779,0.987595136834364,1,1.172,1,1.001,1.001,0.999895828134542,0.51793762473511,0.868991717600375,200.246814446845,400.000102073799,100.000493356697,359.985944358903,48.5662284439981,180.687516354639,41.4317241703548,90.3437705518715,0.343764364317103
176.106,34.105,254,127,172,128,0.354,-0.955,117597,117606.933301962,226981,102160.404304535,11643.0292666667,61.1310081481934,60.612,68,29,30.405,30.405,30.391,29.9685869594299,0.27331313916421,30.6024363642126,29.2709155896137,0.990938932179247,0.995474052922665,0.996970475308237,1,1.172,1,1,1,0.999915538126168,0.518091822663571,0.86873308251516,300.253850013181,399.999940474672,100.000620764135,187.18053549772,75.1714589019718,359.998614117598,14.7173111406793,90.4588152536693,1.77731981430701
176.106,34.059,254,127,172,128,0.356,-0.953,117557,117569.866260801,226981,102160.404304535,11549.6688,61.2617340087891,61.193,68.333,29,30.416,30.416,30.36,29.9661829889723,0.277851324058255,30.6919656807375,29.2417784993,1.01447364974554,0.995693553618963,1.00480145900894,1,1.178,1,1.002,1.002,0.999890564978846,0.517915596459616,0.869028678041591,400.254242622728,400,100,180,78.9933358263035,0,11.0066641736965,270,7.92973588461059e-16
176.105,34.105,254,127,172,128,0.354,-0.955,117597,117606.933301962,226981,102160.404304535,11643.0292666667,61.1310081481934,60.612,68,29,30.405,30.405,30.391,29.9685869594298,0.273313139167064,30.6024363642126,29.2709155896137,0.990938932179247,0.995474052922665,0.996970475308237,1,1.172,1,1,1,0.999915538126168,0.518091822663571,0.86873308251516,500.253850013181,400.000059525328,100.000620764135,352.81946450228,75.1714589019718,180.001385882402,14.7173111406793,89.5411847463307,1.77731981430701
175.203,34.354,254,127,171,129,0.373,-0.956,35541,35549.1824608506,68921,31864.1958424575,5216.42666666667,41.121768951416,41.27,46,19.667,20.419,20.419,20.385,19.9732551813913,0.278551709091678,20.6132285168195,19.2371914605673,1.00645031625692,0.993267131010153,1.00214549896115,1,1.169,1,1.002,1.002,0.999769827031617,0.515677369742169,0.896547532215118,100,300,99.736304549675,90,6.1249188299485e-15,180,0,270,90
175.098,34.384,254,127,171,129,0.377,-0.956,35629,35637.1612808425,68921,31864.1958424575,5311.65916666667,41.2310562133789,41.503,46.333,19.667,20.445,20.439,20.39,19.9921200868936,0.274036730160966,20.6398408938644,19.2089694645018,0.958007789211396,0.992631193935441,0.985801966275052,1,1.178,1,1.003,1.002,0.999770989592066,0.516954193932183,0.894333151153766,200.000224536192,300.000673608577,100.000617474529,142.900097291183,18.7863559769643,48.5322945838909,12.5967065143259,286.572327873615,67.0936578849423
174.989,34.409,254,127,171,129,0.378,-0.957,35713,35719.9997755078,68921,31864.1958424575,5292.98013333333,41.2795333862305,41.503,46.333,19.667,20.47,20.437,20.414,20.008339575793,0.270012055397945,20.6639783197718,19.313207915828,0.972756741479674,0.992822970916853,0.990835176432232,1,1.178,1.002,1.003,1.001,0.999804037638526,0.518172980659015,0.892229603854549,300,300,100,267.608022612132,37.7401774395655,9.72590631664409,15.1917712024229,117.450006271469,48.2435872566476
175.004,34.392,254,127,171,129,0.379,-0.956,35713,35719.9997755078,68921,31864.1958424575,5292.98013333333,41.3279571533203,41.503,46.333,19.667,20.47,20.437,20.414,20.008339575793,0.270012055397945,20.6639783197718,19.313207915828,0.972756741479674,0.992822970916853,0.990835176432232,1,1.178,1.002,1.003,1.001,0.999804037638526,0.518172980659015,0.892229603854549,500,300,100,87.608022612132,37.7401774395655,189.725906316644,15.1917712024229,297.450006271469,48.2435872566476
175.203,34.354,254,127,171,129,0.373,-0.956,35541,35549.1824608506,68921,31864.1958424575,5216.42666666667,41.121768951416,41.27,46,19.667,20.419,20.419,20.385,19.9732551813913,0.278551709091678,20.6132285168195,19.2371914605673,1.00645031625692,0.993267131010153,1.00214549896115,1,1.169,1,1.002,1.002,0.999769827031617,0.515677369742169,0.896547532215118,600,300,99.736304549675,90,6.1249188299485e-15,180,0,270,90
175.076,34.372,254,127,171,129,0.378,-0.955,35603,35611.2602384925,68921,31864.1958424575,5213.91093333333,41.3763198852539,40.956,46.333,19.667,20.463,20.443,20.354,19.9889941736414,0.278048398093522,20.6881608655772,19.2093727122985,1.01142745396378,0.993257449032711,1.00379473310719,1,1.178,1.001,1.005,1.004,0.999768044196211,0.516576950421497,0.894986260777393,400,300,100,144.482302137303,0.401032427184962,54.4823021373028,0.458320482789427,273.936784406909,89.3682813651132
172.624,34.721,254,127,167,131,0.457,-0.936,4748,4752.5125156579,9261,4188.79020478639,1374.08456666667,21.2602920532227,20.7,24.333,10,10.471,10.453,10.425,10.0143107984726,0.276942876962053,10.6324847737465,9.21652998508966,0.982728177691712,0.984509257462819,0.994209257929908,1,1.217,1.002,1.004,1.003,0.999050498942815,0.512687614728431,0.882222031336645,199.998736310025,199.996208930076,99.9966301600674,65.6178119369836,3.49765848000575,205.277722235553,85.4338381167968,335.437302582006,2.98163075842331
172.474,34.799,254,127,167,131,0.458,-0.94,4756,4760.50650237034,9261,4188.79020478639,1372.52563333333,21,21.312,24.333,10,10.478,10.465,10.424,10.0211232952319,0.27269337431558,10.6771971136691,9.43041524239569,0.989406303827472,0.984830335053421,0.996456224431866,1,1.217,1.001,1.005,1.004,0.999053356535045,0.513551452326963,0.880738058197307,299.99810765349,199.998317914214,99.9970563498738,136.543767890565,4.01464675356926,43.9390883097358,32.8739711660425,232.795165551179,56.8147695516441
172.55,34.818,254,127,167,131,0.456,-0.955,4734,4738.44383712622,9261,4188.79020478639,1338.99043333333,20.9761772155762,20.883,23.667,10,10.474,10.437,10.408,10.0037790664983,0.273756999613441,10.4899213542937,9.43194356643824,1.05578735999049,0.986059734710809,1.01826031788556,1,1.183,1.003,1.006,1.003,0.999062173726444,0.511175898931001,0.884831052975579,399.998943810731,199.998098859316,100,26.8725389916558,2.51761683399644e-15,179.709635784688,90,296.872538991656,1.29032159994538e-15
172.504,34.75,254,127,167,131,0.46,-0.94,4755,4759.748835533,9261,4188.79020478639,1377.39673333333,21.2602920532227,21.312,24.333,10,10.484,10.456,10.426,10.0204807645407,0.274070787539996,10.6832041182062,9.27223723565604,0.978534788192868,0.984520076946899,0.99279311497918,1,1.217,1.003,1.006,1.003,0.999002292831598,0.513443472627146,0.880923281763699,499.998738170347,199.994742376446,99.9966351209253,160.021856300046,9.55314277630937,255.658139045746,30.2091201722166,54.4497490724993,58.0072266336342
172.756,34.731,254,127,167,131,0.455,-0.942,4729,4732.51973945393,9261,4188.79020478639,1344.4142,21.1187114715576,21.092,24,10,10.467,10.467,10.372,9.99245307009137,0.276955203647532,10.6250135480682,9.30224982379787,1.04085858515179,0.986524705273222,1.01343813598335,1,1.2,1,1.009,1.009,0.999256265235496,0.510636000431919,0.88576659014303,99.9947134700782,199.998519771622,100.273207866357,105.260147736619,2.29236823541908,195.24507033776,0.000694288086381211,285.751173663453,87.6772326633272
172.743,34.746,254,127,167,131,0.454,-0.943,4729,4732.51973945392,9261,4188.79020478639,1344.4142,21.1187114715576,21.092,24,10,10.467,10.467,10.372,9.99245307009137,0.276955203647508,10.6250135480682,9.30224982379787,1.04085858515179,0.986524705273222,1.01343813598335,1,1.2,1,1.009,1.009,0.999256265235498,0.510636000431919,0.88576659014303,600.001480228378,199.994713470078,100.273207866357,195.260147736619,2.29236823541908,285.24507033776,0.000694288086381211,15.751173663453,87.6772326633272
167.348,33.491,253,127,158,130,0.681,-0.652,687,686.719858002376,1331,523.598775598299,360.986333333333,10.8627805709839,11.131,12.667,5,5.598,5.598,5.341,5.06777995312621,0.258963922721279,5.65073676304822,4.41571189671429,1.13473269173829,0.971859135347598,1.04303253558965,1,1.267,1,1.048,1.048,1.00040794218248,0.516153268219384,0.762152511787917,400.305676855895,100,99.9796215429403,90,86.6739263925079,0,0,270,3.32607360749208
169.126,34.246,253,127,160,141,0.647,-0.742,665,666.226024367229,1331,635.335847740204,356.539933333333,10.7703294754028,10.817,12.667,5.333,5.491,5.491,5.387,5.00184190445607,0.272288536976349,5.60561427622994,4.39552679149782,1.10349692485694,0.972578229249689,1.03337283894677,1,1.188,1,1.019,1.019,0.998159747109259,0.499624342599549,0.955392252240909,500.282706766917,100.004511278195,99.9894736842105,179.999999999906,23.2061145818273,2.0350344568599,66.7807912900119,270.343770551872,0.744789773729976
169.948,34.406,253,127,161,141,0.586,-0.845,649,651.936933404678,1331,523.598775598299,352.228666666667,10.7703294754028,11.026,12.667,5,5.452,5.404,5.397,4.95259089521153,0.301643274941026,5.59517108269159,4.1515131181679,1.09010334101819,0.970896401293384,1.02917498928389,1,1.267,1.009,1.01,1.001,0.995495065160153,0.487603305785124,0.806777774419567,200.323574730354,100.02157164869,99.9784283513097,78.9234502658317,15.55267449235,180.280859414683,35.3108887486157,329.251987718089,50.3718770592553
169.402,34.092,253,127,161,141,0.609,-0.81,665,666.226024367229,1331,635.335847740204,356.539933333333,10.7703294754028,10.817,12.667,5.333,5.491,5.491,5.387,5.00184190445607,0.272288536976367,5.60561427622994,4.39552679149782,1.10349692485694,0.972578229249689,1.03337283894677,1,1.188,1,1.019,1.019,0.998159747109259,0.499624342599549,0.955392252240909,300.282706766917,99.9954887218045,99.9894736842105,8.43556335894391e-11,23.2061145818273,177.96496554314,66.7807912900119,269.656229448128,0.744789773729976
170.392,33.957,255,127,163,147,0.607,-0.788,648,648.291950884494,1331,523.598775598299,348.4571,10.6770782470703,10.974,12.667,5,5.415,5.404,5.404,4.94962121020663,0.269245361408676,5.43896237082398,4.37327355053196,1.12241750544743,0.973623216838533,1.0392454788135,1,1.267,1.002,1.002,1,0.999549661407802,0.486851990984222,0.808022801849227,100.307098765432,99.6929012345679,100.307098765432,45,35.2643896827547,313.500028655703,2.12006941563292,220.515393990455,54.6527483946852
170.392,33.957,255,127,163,147,0.607,-0.788,648,648.291950884493,1331,523.598775598299,348.4571,10.6770782470703,10.974,12.667,5,5.415,5.404,5.404,4.94962121020663,0.269245361408695,5.43896237082398,4.37327355053196,1.12241750544743,0.973623216838533,1.0392454788135,1,1.267,1.002,1.002,1,0.999549661407804,0.486851990984222,0.808022801849227,600.307098765432,100.307098765432,100.307098765432,135,35.2643896827547,229.117539664513,5.79819505948204,327.123738247789,54.1241296048974
176.029,34.148,254,127,172,128,0.353,-0.954,204836,204844.311164906,395577,91952.3225754709,17174.3449333333,90.1886901855469,75.358,97.667,28,45.453,36.492,29.498,36.4833105303959,4.14628063271969,45.2671210233114,28.6012967105558,0.936751512430054,0.995978345307605,0.978456376076008,1,1.744,1.246,1.541,1.237,0.999959426918626,0.517815747629412,0.448907040634805,599.999087074538,600.000141576676,200.267121013884,50.3588302659012,89.9879836271945,210.000727780827,0.0112645979310179,300.000727780827,0.00418497579867367
175.929,34.18,254,127,172,128,0.355,-0.955,205280,205289.113410951,416415,105720.219465481,17346.2835,90.9065475463867,74.931,101,29.333,45.499,36.496,29.529,36.7011764484477,4.06923338256496,45.4537301382587,28.6521485581246,0.913116796222426,0.995643616369141,0.970157198536304,1.5,1.722,1.247,1.541,1.236,0.999955606944764,0.492969753731254,0.515004966219218,499.999269290725,600.00000974279,199.999152377241,299.958670526819,60.0962260856129,30.0007277808274,0.0234058395632719,119.999272229847,29.9505373475242
175.841,34.209,254,127,172,128,0.357,-0.955,145691,145699.729315677,290871,73622.1766393256,13680.942,80.1810455322266,67.683,87,26,40.45,32.478,26.493,32.5017167547644,3.63896064440195,40.2642579157258,25.4964670542023,0.937496849166578,0.99550650845839,0.978715813838027,1,1.673,1.245,1.527,1.226,0.999940086946506,0.500878396265011,0.505330985711716,600,500,199.735742084274,186.427613362336,90,330.077513011803,2.3798187428824e-14,60.0775130118033,1.75264629439715e-14
175.94,34.177,254,127,172,128,0.355,-0.955,205236,205245.490579273,421575,102160.404304535,17331.0289,90.6862716674805,75.076,97.667,29,45.49,36.496,29.529,36.7682923890766,4.02914615939251,45.4439862162729,28.7061929333113,0.91513763828909,0.995557604547588,0.970872364423394,1,1.684,1.246,1.541,1.236,0.999953759864609,0.486831524639744,0.497770392643275,400.000341070767,600.000794207644,199.998158217857,300.046435246811,44.9996847814841,209.922486988197,0.114551892755055,119.865524977945,45.0050444398655
175.718,34.242,254,127,172,128,0.359,-0.956,146076,146085.232286674,307125,76487.3521500523,13814.2823666667,80.8949966430664,67.264,90.333,26.333,40.505,32.491,26.517,32.6957115338756,3.56954125381677,40.4477229508541,25.5145892250138,0.915429962718589,0.99505932168358,0.970975729383379,1.5,1.715,1.247,1.528,1.225,0.999936802053642,0.475623931623932,0.52361340774701,499.999986308497,500.000006845751,200.000246447055,239.941874520513,60.0713960406935,329.999272219173,0.0572970209619876,60.0910653804045,29.9400339097013
175.74,34.237,254,127,172,128,0.358,-0.956,146015,146023.974689435,300495,73622.1766393256,13787.6998666667,80.7465133666992,66.686,87,26,40.473,32.502,26.517,32.7562412934784,3.52885844710328,40.4227658628155,25.6709953059869,0.919966167148772,0.995070469787338,0.972576903807104,1.5,1.673,1.245,1.526,1.226,0.999938539616838,0.485914907070001,0.504209681466463,400,500,200,240.064233943617,44.9848487049563,150.04891735877,0.00387865568257105,60.064233943617,44.9848487049563
175.947,34.174,254,127,172,128,0.355,-0.954,205175,205185.692769533,419175,102160.404304535,17321.1529,90.9065475463867,76.012,99.667,29,45.488,36.513,29.507,36.7058094402613,4.10636676960327,45.4545423102506,28.5998849357863,0.916159040483275,0.995655322171179,0.971233433045555,1,1.718,1.246,1.542,1.237,0.999947887353212,0.489473370310729,0.497918383353407,300.000019495553,600.001164859267,199.998732789082,299.966226031663,29.9257664270282,30.0007277808274,0.0246377257080149,120.058125479487,60.0713960406935
175.117,34.438,254,127,171,128,0.367,-0.957,57621,57628.2511771303,110593,28730.9120146299,7370.2845,60.1414985656738,49.567,65,19,30.441,24.493,18.474,23.7811086774639,3.15884905492577,30.2538383080341,17.6735395140731,0.937910069607967,0.99396928073738,0.978859588890347,1,1.711,1.243,1.648,1.326,0.999874173222644,0.521018509308907,0.498618767717149,600,400.050380937505,199.746203641034,180.000000000011,89.9851661230155,90,2.7622295303257e-15,360,0.0148338769845027
175.701,34.259,254,127,172,128,0.359,-0.956,146203,146211.213484657,298351,76487.3521500523,13788.1142,80.7217407226562,67.291,88.333,26.333,40.516,32.514,26.514,32.7174446176241,3.60337124502874,40.4231843119767,25.4164851179312,0.922253530523724,0.995130625338991,0.973382294144529,1,1.677,1.246,1.528,1.226,0.999943824523019,0.490036902842625,0.523158568223992,299.99955541268,499.999897402926,200.000191514538,240.000727770153,30.0001819402033,149.999272219173,0.0394318167450558,59.9418745205133,60.0427968441029
175.922,34.182,254,127,172,128,0.355,-0.955,205308,205316.125029784,399245,113097.335529233,17389.3264333333,90.7579193115234,74.585,100.333,30,45.519,36.523,29.498,36.5806836640529,4.19604557539729,45.5180841271844,28.33703052669,0.906600256727903,0.995736618231221,0.967843815417261,1,1.672,1.246,1.543,1.238,0.99996042673325,0.514240629187592,0.550866676063439,200.000599099889,600.001246907086,199.999849007345,299.936185359042,14.9555780153043,209.922486988197,0.0368227499194485,119.744881296942,75.0468644264014
176.031,34.155,254,127,172,128,0.352,-0.954,204793,204807.676847076,395241,113097.335529233,17199.9482666667,90.7083206176758,75.625,98.333,30,45.533,36.489,29.443,36.495653230405,4.24912115173412,45.3549709823439,28.6323176543942,0.932182976286845,0.995976736098915,0.976863139618087,1,1.639,1.248,1.546,1.239,0.999928338393844,0.518147155785963,0.552251959438226,100.000424819208,600.000302744723,200.003335074929,299.872821045996,0.00174263216902684,29.8728210459959,0.000746105585216809,143.0608209133,89.9981046542288
174.989,34.471,254,127,171,128,0.37,-0.959,57782,57791.0220170296,115885,25810.0725089397,7416.8763,60.5640144348145,49.997,66.333,18.333,30.448,24.509,18.51,23.9996710800159,3.06140508293771,30.2824142030386,17.5213473208348,0.925495701189243,0.993336785200521,0.974521597846336,1,1.809,1.242,1.645,1.324,0.999843885490951,0.498615006256202,0.446680151412892,499.999688484303,400.000138451421,200.000328822125,179.988790006247,60.0775125376943,269.996448234633,0.0044100561319396,359.998986254605,29.9224869843194
175.744,34.236,254,127,172,128,0.358,-0.955,145974,145981.917659644,292215,82447.9576008105,13855.1530333333,80.3865661621094,66.698,89.667,27,40.472,32.505,26.508,32.582512808142,3.66098597151808,40.2742382034312,25.3967487771655,0.906085978736324,0.995160887885432,0.967660774466315,1,1.66,1.245,1.527,1.226,0.999945762737119,0.499543144602433,0.564812621431286,200.000219217121,500.000006850535,200.00006850535,239.931417178138,15.008944393297,329.949676702063,0.171804634514394,60.5576860175306,75.0260660248667
175.836,34.221,254,127,172,128,0.354,-0.956,145668,145679.589997456,281589,82447.9576008105,13678.9694666667,80.6721725463867,67.049,87.667,27,40.518,32.5,26.427,32.5157118523788,3.72516066122415,40.3372480988156,25.6216753732048,0.937606367236576,0.995475763423918,0.978753923439328,1,1.623,1.247,1.533,1.23,0.999920441858357,0.517307139128304,0.56599910481925,99.9995949693824,500.000075514183,199.989455474092,59.9992722191726,0.00214061741571398,149.999272219173,0.00230047615724628,287.060483948579,89.9968577075343
175.031,34.452,254,127,171,128,0.369,-0.956,57727,57736.2411630839,127449,24429.0244743142,7439.1418,60.4069519042969,50.2,63,18,30.469,24.507,18.481,24.0663762084286,3.02469923154228,30.2993312623113,17.6917727414601,0.915465198249644,0.993005272340728,0.970988187065528,1,1.75,1.243,1.649,1.326,0.999839941726415,0.452941961098165,0.423181950808361,400,400.000588979161,200.000588979161,180,45,90,2.6711292408999e-15,360,45
174.993,34.47,254,127,171,128,0.371,-0.958,57781,57789.9960826809,115885,25810.0725089397,7416.4292,60.5640144348145,49.997,66.333,18.333,30.448,24.509,18.51,23.9991170463979,3.06135198182538,30.2821313136031,17.5213799200813,0.925631052451484,0.993336362494162,0.974569102586611,1,1.809,1.242,1.645,1.324,0.999844331488308,0.498606377011693,0.446687881984385,299.999376957824,400,200,180,29.9224869881967,270,2.09244186781777e-16,0,60.0775130118033
173.57,34.807,254,127,169,129,0.403,-0.956,17669,17672.1736113874,34317,8513.53490495305,3338.84033333333,40.1248054504395,33.322,44.333,12.667,20.462,16.503,12.526,15.9361443455867,2.07083202520921,20.2654366404437,11.6649242007863,0.948613632239917,0.990546695386187,0.982569141278226,1,1.75,1.24,1.634,1.318,0.999820417597902,0.514876008975144,0.48183456363988,600,300,199.734563359556,254.010955722925,90,29.7448812969422,6.88315067160432e-15,119.744881296942,6.70548400147965e-15
174.946,34.487,254,127,171,128,0.371,-0.957,57818,57827.6748819821,112749,28730.9120146299,7471.68043333333,60.2992553710938,49.776,67,19,30.48,24.493,18.514,23.8748376599803,3.13337479671707,30.150209140955,17.463554980762,0.906407805946649,0.993476275302341,0.967775326768472,1,1.763,1.244,1.646,1.323,0.999832694605103,0.512802774303985,0.496919852202253,199.999377356533,400.00027673043,200.000778304334,179.99999973689,15.0089136766587,89.9999996322757,3.89840483807012e-07,359.999998178481,74.9910863233413
173.671,34.758,254,127,169,128,0.403,-0.954,17655,17660.9910451134,37851,8513.53490495305,3390.70273333333,40.4474983215332,33.633,45.667,12.667,20.509,16.459,12.523,16.0244021255258,2.03844677688079,20.2237484161567,11.6619037896906,0.904312779373599,0.989261385060145,0.96702912874679,1,1.803,1.246,1.638,1.314,0.999660775258979,0.466434176111595,0.482216647122801,500,300,200,120.058125479487,60.0427968441029,29.7946172041661,0.171849621686721,299.671078272694,29.9330213060357
175.117,34.438,254,127,171,128,0.367,-0.957,57621,57628.2511771407,110593,28730.9120146299,7370.2845,60.1664352416992,49.567,65,19,30.441,24.493,18.474,23.7811086774638,3.15884905492621,30.253838308034,17.6735395140731,0.937910069607967,0.99396928073738,0.978859588890347,1,1.711,1.243,1.648,1.326,0.999874173222463,0.521018509308907,0.498618767717149,100,399.746203641034,199.949619062495,0,0.0148338769845027,90,2.85562165093202e-15,180.000000000011,89.9851661230155
173.533,34.793,254,127,169,128,0.406,-0.956,17709,17711.7948187963,35937,7857.68842024539,3371.84326666667,40.8411560058594,33.369,44.333,12.333,20.472,16.508,12.544,16.0917807144533,1.99855157288733,20.4205778566621,11.7473401244707,0.925205726164622,0.989532299095398,0.974419808631341,1,1.797,1.24,1.632,1.316,0.999842205782933,0.492779029969113,0.443711582824857,400,300,200,120.116535243144,44.9793821358619,30.0007277808274,0.114593927325196,299.865524977945,45.0050444398655
173.574,34.757,254,127,169,128,0.409,-0.945,17701,17704.7988136243,37555,8513.53490495305,3365.9528,40.6693992614746,33.714,45,12.667,20.502,16.505,12.523,16.0495380307825,2.0606414191737,20.4450483002609,11.5758369027902,0.929231476674471,0.989672145553606,0.975831060588214,1,1.776,1.242,1.637,1.318,0.999785435933823,0.471335374783651,0.480963499517148,300,300,200,119.933245816826,29.8513801691005,210.000727780827,0.114593927325196,300.173520029644,60.1573401530501
173.614,34.803,254,127,169,128,0.404,-0.957,17677,17682.0902278114,36855,9202.7720799157,3399.55553333333,40.6939811706543,33.772,45.667,13,20.496,16.523,12.497,15.9522771454309,2.11191853676215,20.3469899493758,11.3578166916005,0.899503955346423,0.989543372868745,0.96531197206391,1.5,1.756,1.24,1.64,1.322,0.999712125221292,0.479636412969746,0.520607121113068,200,300,200,120.068582821862,14.9535953670544,30.0790258691382,0.114635778753581,299.744881296942,75.0468644264014
173.73,34.767,254,127,169,129,0.399,-0.956,17613,17619.1277123741,34125,9202.7720799157,3354.5946,40.1995010375977,33.508,44,13,20.464,16.513,12.48,15.9059445452435,2.1252833315631,20.1054684459234,11.6942990995379,0.929391963989773,0.990313467487114,0.975887235859916,1,1.692,1.239,1.64,1.323,0.999652212500291,0.516131868131868,0.522498840624295,100,300,199.94333730767,300.128600239853,6.63409170759673e-15,210.128600239853,1.00428003138317e-14,63.61057499708,90
170.619,34.994,254,127,164,131,0.516,-0.912,2391,2392.43015680985,4095,1241.30920140254,852.2681,20.1246109008789,16.894,22.667,6.667,10.506,8.422,6.518,7.95328122259776,1.07982047011833,10.296948328096,5.83607464013521,1.04443838794374,0.983488973522861,1.01459863864252,1,1.7,1.248,1.612,1.292,0.999402215857473,0.583882783882784,0.519159013551876,599.999581764952,199.994562944375,200.296946884149,153.434948822922,89.871882955713,330.461217740442,0.114594328422627,60.4612177404419,0.00655480429734163
170.102,35.037,253,127,164,129,0.525,-0.905,2427,2428.97637998689,4845,1241.30920140254,890.000333333333,20.3960781097412,17.077,23.667,6.667,10.495,8.502,6.562,8.05835513319385,1.03172537330967,10.3024337861192,5.82862395456524,0.944977391592675,0.978750360574603,0.98131206721644,1,1.775,1.234,1.599,1.296,0.999186332150788,0.500928792569659,0.511458261805742,499.998763906057,200.000824062629,199.992995467656,60.4139523623719,60.5307236271847,329.949676702063,0.229072312033317,239.81457888775,29.4572859878509
169.557,35.053,254,128,162,131,0.545,-0.885,2459,2459.82790099586,4913,1241.30920140254,895.551533333333,20.5182838439941,17.263,23,6.667,10.571,8.596,6.525,8.12593324154695,1.03936309031511,10.4880884817015,5.74456264653803,0.952133148805618,0.978558712403591,0.983782807288613,1,1.725,1.23,1.62,1.318,0.999663431333742,0.500508854060655,0.504802440586635,400,200,200,60.2048151343207,45.0657029422259,150.461217740442,0.286483815585761,240.756820236758,44.9082189795576
170.083,35.213,254,127,164,131,0.535,-0.901,2442,2442.6162699565,4845,1241.30920140254,879.1798,20.8806133270264,17.391,23.667,6.667,10.588,8.548,6.505,8.0888948279202,1.07824532088831,10.4444641650171,5.47685334872284,0.992454463048333,0.980392789747416,0.997478468237752,1,1.775,1.239,1.628,1.314,0.999747700871366,0.504024767801858,0.508316626290965,299.996723996724,200.001638001638,199.997952497952,61.4212421638021,30.0662313022215,331.101302399158,0.515928303455301,240.155696280143,59.9815672414143
169.984,35.079,254,127,163,131,0.531,-0.895,2435,2436.20112420051,4199,1436.75504024173,882.260333333333,20.4694900512695,16.999,23,7,10.472,8.536,6.569,8.03367090725576,1.06269844759405,10.3440804327886,5.47722557505166,0.976472559867661,0.981364173711776,0.992095198718755,1,1.643,1.227,1.594,1.299,0.999506968374417,0.579899976184806,0.590043137676276,200,200,200,61.9240268591308,14.7761620704602,331.769098170613,0.458381668609877,239.921198562317,75.2055699079764
170.813,35.064,254,127,165,131,0.491,-0.94,2378,2381.91015977005,4199,1436.75504024173,860.596,20.2731342315674,17.161,22.667,7,10.396,8.477,6.515,7.94239296462393,1.06322881546795,10.2881159503061,5.79500503721735,1.00340925973703,0.982798326769133,1.00113513090263,1,1.619,1.226,1.596,1.301,0.998358393260969,0.566325315551322,0.604186307923352,99.9920100925147,200.00126156434,200.041211101766,59.6651941710135,0.0573016627858204,149.665194171014,0.114603210945008,296.565051177078,89.871882955713
165.96,34.395,252,127,151,141,0.817,-0.548,353,353.153809269273,693,268.082573106329,238.375633333333,10.1980390548706,8.966,11.667,4,5.339,4.621,3.536,4.02017956824855,0.543938127318807,5.29481157101012,2.96932639850994,1.04043799734417,0.959130731873239,1.01330161498871,1,1.458,1.156,1.51,1.307,0.999564469459946,0.509379509379509,0.759440717015096,600,100.045325779037,200.294617563739,0,89.9638062608959,270,0,180,0.0361937391041057
165.604,34.793,252,127,151,130,0.797,-0.561,359,360.29388908171,729,206.548164135159,244.164733333333,10.7703294754028,9.152,12.333,3.667,5.371,4.694,3.529,4.07108107298974,0.562102795580072,5.39555755603268,2.85207388807232,1.00136512991569,0.959519312164305,1.00045483639772,1,1.682,1.144,1.522,1.33,0.996408795372555,0.492455418381344,0.575343075585401,500,99.9888579387187,199.977715877437,180,59.3310733502851,270,0,180,30.6689266497149
164.027,33.957,251,127,151,128,0.829,-0.484,366,366.079242806913,729,206.548164135159,238.8258,10.6770782470703,8.937,11.667,3.667,5.582,4.748,3.412,4.12337251705403,0.605263015696403,5.64141953597155,2.81301369972323,1.11216908981827,0.955002741668624,1.03607280294987,1,1.591,1.175,1.636,1.391,0.999783536465206,0.502057613168724,0.564339246270926,400,100,199.978142076503,180,45,270,0,180,45
165.833,34.576,252,127,155,130,0.727,-0.672,359,360.253005140334,729,206.548164135159,244.164733333333,10.7703294754028,9.152,12.333,3.667,5.371,4.694,3.529,4.07107149656614,0.56191656136569,5.39973491979814,2.85607023794714,1.00136512991569,0.959519312164305,1.00045483639772,1,1.682,1.144,1.522,1.33,0.996521874564666,0.492455418381344,0.575343075585401,300,99.9944289693593,199.966573816156,180,30.5904354054485,270,0,180,59.4095645945515
165.96,34.395,252,127,151,141,0.817,-0.548,353,353.153809269274,693,268.082573106329,238.375633333333,10.0995044708252,8.966,11.667,4,5.339,4.621,3.536,4.02017956824855,0.543938127318807,5.29481157101014,2.96932639850995,1.04043799734417,0.959130731873239,1.01330161498871,1,1.458,1.156,1.51,1.307,0.999564469459944,0.509379509379509,0.759440717015096,100,99.7053824362606,200.045325779037,180,0.0361937391041057,270,0,180,89.9638062608959
164.395,33.653,251,127,151,130,0.847,-0.453,362,361.219120043064,693,206.548164135159,231.045066666667,10.3923044204712,8.891,12.333,3.667,5.428,4.591,3.579,4.06643595324316,0.556175533356355,5.2057276277487,2.81670983204739,1.20165394111114,0.966131467551026,1.0631465602474,1,1.682,1.182,1.517,1.283,1.00216179020879,0.522366522366522,0.5705750390474,200,99.9889502762431,199.994475138122,180,13.0075047978879,270,0,180,76.9924952021121
173.221,35.021,254,127,169,128,0.397,-0.957,67492,67501.4977108478,235053,4188.79020478639,11670.9687,90.1886901855469,66.137,97.333,10,45.788,36.583,9.645,29.2196011497684,8.92882647050205,45.2418805221423,8.94726372062733,0.324068080033905,0.981985330143736,0.686876648449665,1,4.867,1.252,4.747,3.793,0.999859296294602,0.287135241839075,0.0620635068569073,599.999555502874,600.000266698275,300.241880519173,36.3292627297979,89.9955308448435,209.922486988197,0.00444003727025165,299.922486988197,0.000496812220824177
172.66,35.139,254,127,168,128,0.41,-0.956,47991,47998.0521045301,161595,2727.06191972558,9267.22833333333,80.1560974121094,58.872,86.667,8.667,40.776,32.633,8.638,25.9993043618974,7.93777307305796,40.2714675668354,7.81496606773462,0.327282196786693,0.97990744343749,0.689140003123898,1,5,1.25,4.72,3.778,0.999853075193244,0.296983198737585,0.0568244445776413,600,500,299.728532433165,308.167026740561,90,150.077513011803,2.09401138964574e-15,60.0775130118033,8.41957533582942e-16
172.941,35.086,254,127,168,128,0.403,-0.957,67919,67931.3610942609,291115,3784.1101106167,11719.7576666667,90.9065475463867,66.594,101,9.667,45.753,36.66,9.693,29.7413829431832,8.95395249593314,45.4541275458425,8.77488389049743,0.324100009869271,0.977848003320303,0.686899206608882,1,5.224,1.248,4.72,3.782,0.999818035527895,0.233306425295845,0.0557150445474271,500.000250298149,600.000368085514,299.999263828973,300.31426160419,60.0357834295284,210.050323297937,0.171804634514394,119.999272229847,30.0001819402033
172.374,35.208,254,127,168,128,0.417,-0.955,48327,48341.6268602926,212219,3053.62805928928,9356.72713333334,80.5481185913086,58.861,89.667,9,40.746,32.684,8.693,26.4571031934701,7.95274905100206,40.2740611312045,8.06225774829855,0.322448345163899,0.975044720594126,0.68573036997494,1,4.981,1.247,4.687,3.76,0.999697427222818,0.227722305731344,0.063186791220007,500,500,300,239.842618976673,60.0178903171038,329.999272219173,0.0572970209619876,60.0910653804045,29.9896679641433
172.949,35.079,254,127,168,128,0.403,-0.957,67903,67916.4862955132,309205,3784.1101106167,11702.2367333333,90.9505386352539,66.324,95,9.667,45.7,36.703,9.691,29.9251654056945,8.95612536692546,45.4773561665953,8.9992901382146,0.325404578402503,0.977939439142069,0.687819609166591,1,4.914,1.245,4.716,3.787,0.999801428250359,0.21960511634676,0.0557281726965922,400.000530168034,600.001325420085,299.998026596763,300.046435246811,44.9996847814841,210.000727780827,0.045304760134865,119.976235890814,45.0199588518177
171.464,35.394,254,127,167,128,0.441,-0.951,20823,20826.0033085006,38857,1436.75504024173,5128.54493333333,60.1414985656738,44.459,64,7,30.673,24.691,6.6,19.2611220574314,5.97193188695399,30.2603307176974,5.95550587609704,0.363543577797311,0.980226195739374,0.713705141922594,1,4.571,1.242,4.647,3.741,0.999855790453113,0.535887999588234,0.0689984651703276,600,400.050184891706,299.739710896605,180,89.9897898921989,270,0,0,0.0102101078011565
172.416,35.198,254,127,168,128,0.417,-0.955,48283,48296.6526318409,226737,2727.06191972558,9309.89106666667,80.9197158813477,58.928,84.333,8.667,40.718,32.716,8.682,26.605660311426,7.96933774563235,40.4598566482878,8.06225774829855,0.326743583947816,0.975174980759083,0.688761753138637,1,4.865,1.245,4.69,3.768,0.999717317223929,0.212947159043297,0.056480788677704,400,500,300,239.591956201965,44.9881124687009,329.793065981627,0.229238638734744,60.0237641091856,45.0199588518177
171.169,35.436,254,127,166,128,0.45,-0.948,20983,20993.6769140498,85701,1241.30920140254,5310.795,60.5640144348145,44.704,65.667,6.667,30.69,24.758,6.631,19.6072769878707,6.03163528290944,30.2820078594534,5.8309518948453,0.332436668662556,0.972460463185589,0.692739003489553,1,4.925,1.24,4.628,3.733,0.999491422389058,0.244839616807272,0.0591578516609892,500,400,300,180,60.0775130118033,270,0,180,29.9224869881967
173.082,35.052,254,127,168,128,0.4,-0.958,67725,67738.225646896,282975,4188.79020478639,11830.2655,90.7579193115234,66.57,98.333,10,45.738,36.715,9.654,29.276340443594,9.04067539936708,45.4542843032756,8.77491735099129,0.313304712145539,0.980006552871492,0.679186391499552,1,4.917,1.246,4.738,3.803,0.99980475356758,0.239332096474954,0.0618499845667979,300.000354374308,600.001033591731,299.999557032115,300.204090535682,29.9818723359412,210.128600239853,0.114578287809801,120.000727780827,59.9998180517909
170.982,35.469,254,127,166,128,0.455,-0.944,21057,21069.0719721167,99225,1241.30920140254,5258.49253333333,60.5970306396484,44.536,61,6.667,30.669,24.724,6.668,19.9282741801608,5.98983234808137,30.3007530776163,6.40287247135001,0.344874896344362,0.971036902060254,0.701273122798195,1,4.575,1.24,4.599,3.708,0.99942702876839,0.212214663643235,0.0589499549509681,400,400.001614664957,300.001614664957,180,45,270,6.18794418741289e-15,0,45
172.472,35.198,254,127,168,128,0.414,-0.957,48228,48239.8571325483,198789,3053.62805928928,9398.89356666667,80.6225738525391,59.816,87.667,9,40.775,32.721,8.659,26.0781335845286,8.04168121233164,40.3121220179363,7.87393945153158,0.316825904164232,0.977740254328798,0.681721348372089,1,4.87,1.246,4.709,3.779,0.999754204650406,0.24260899747974,0.0633164978703093,299.999377954715,500.000373227171,300.000414696857,240.091065380405,29.9400339097013,150.077513011803,0.0572760036138854,59.9418745205133,60.0713960406935
168.287,35.715,254,127,161,128,0.539,-0.898,6685,6689.3859621695,22591,523.598775598299,2391.79253333333,40.1248054504395,29.943,44,5,20.74,16.67,4.67,13.1061819116469,3.98490040641247,20.2477187733732,4.13054047198203,0.369389613111788,0.962907872738008,0.717510443088728,1,4.4,1.244,4.441,3.57,0.999344340094247,0.295914302155726,0.0783244241732683,600,300,299.752281226627,268.084392459861,90,29.9510826412304,5.8185567895704e-15,119.95108264123,9.36128397770292e-15
167.918,35.731,254,127,160,128,0.557,-0.884,6753,6759.07078918307,27125,425.79642616695,2420.75786666667,40.2988815307617,29.953,45,4.667,20.768,16.658,4.714,13.3304301556968,3.99532766114111,20.2731349327133,4.12310562561766,0.363573162085668,0.954178439973226,0.713724501257841,1,4.821,1.247,4.405,3.534,0.999101830803017,0.248958525345622,0.0630529285009551,500,300,300,120.000727780827,59.9998180517909,29.8728210459959,0.0324744999915407,299.851577224845,30.0039372692236
171.173,35.442,254,127,166,128,0.45,-0.948,20983,20993.6769140498,85701,1241.30920140254,5310.795,60.4400520324707,44.704,65.667,6.667,30.69,24.758,6.631,19.6072769878706,6.03163528290968,30.2820078594534,5.8309518948453,0.332436668662556,0.972460463185589,0.692739003489553,1,4.925,1.24,4.628,3.733,0.999491422389059,0.244839616807272,0.0591578516609892,300,400,300,180,29.9224869881967,270,0,180,60.0775130118033
173.302,34.999,254,127,169,128,0.396,-0.957,67372,67381.6634469487,202895,4188.79020478639,11741.9702,90.6972961425781,66.815,100.333,10,45.713,36.752,9.599,28.943867431821,8.99970164092326,45.517320437987,8.6022133300029,0.317094224460295,0.983399107165942,0.681913744319514,1,5.017,1.244,4.762,3.829,0.999856586399706,0.332053525222406,0.0621740516058064,200.001424924301,600.001053850264,299.999213323042,299.936185359042,14.9001937468623,29.9224869881967,0.0304078375926685,120.048322646076,75.0672673127513
167.993,35.756,254,127,161,128,0.554,-0.887,6737,6744.50858046001,29667,425.79642616695,2402.2976,40.8411560058594,30.089,43,4.667,20.71,16.652,4.719,13.3848683473897,3.97948482718557,20.4205778566621,4.12310562561766,0.3702585072975,0.954501545505702,0.718072588891674,1,4.607,1.244,4.389,3.529,0.998886712001262,0.227087336097347,0.063202675696445,400,300,300,121.019248795122,44.9072481736083,30.5410984724287,0.515806719813146,300.0168050853,45.0955892866448
172.756,35.126,254,127,168,128,0.409,-0.956,47909,47919.1462799103,139725,3053.62805928928,9290.81113333333,80.5232849121094,59.002,89.667,9,40.74,32.721,8.609,25.7301834835025,7.99392861031356,40.2616442783948,7.87400787401181,0.323687322595799,0.98155754167829,0.686607532273329,1.5,4.981,1.245,4.732,3.801,0.999788262506785,0.342880658436214,0.063738088027078,200,500,300,240.063814640958,14.9555780153043,150.077513011803,0.0227156694097585,60.0626671923769,75.0193192744894
168.14,35.697,254,127,161,128,0.55,-0.884,6727,6731.05412953417,26565,523.598775598299,2424.35433333333,40.3112869262695,30.254,44.333,5,20.65,16.727,4.703,13.1422369829504,4.01707936421924,20.4205778566621,3.74165738677394,0.359175698082371,0.959295618242079,0.710835291524938,1,4.433,1.235,4.391,3.557,0.999397697677637,0.253227931488801,0.0778354059162032,300,300,300,120.023451460473,29.8618317165765,30.0007277808274,0.0572970209619876,299.859016164923,60.1209937188191
162.204,35.124,253,127,150,131,0.82,-0.574,1008,1006.41386577585,2835,79.4616641890779,625.735533333333,20.1246109008789,15.511,22.667,2.667,10.74,8.627,2.684,6.62734151110112,2.02553616359569,10.2361132744592,2.01094206366923,0.469030391594636,0.93814208261577,0.776962983060626,1,4.25,1.245,4.001,3.214,1.00157602580617,0.355555555555556,0.0788310160605932,599.997023809524,199.994047619048,300.236111111111,153.434948822922,89.7437671925794,330.461217740442,0.286483815585761,60.4612177404419,0.00573545376603844
171.537,35.401,254,127,167,128,0.439,-0.952,20799,20808.3046589723,60711,1436.75504024173,5239.54893333333,60.6959648132324,44.817,67,7,30.613,24.758,6.589,19.3275690167196,6.00377530860601,30.3482099935961,5.83095215173733,0.340138334811216,0.976348902349817,0.698047849919577,1,4.786,1.236,4.646,3.757,0.999552839160863,0.342590304887088,0.0690780826117473,199.998269147555,400,300,180,14.9535647531895,90,7.66617529885042e-18,360,75.0464352468105
162.084,35.035,253,127,149,131,0.827,-0.555,1018,1022.87729117956,3705,113.097335529233,643.678433333333,20.3224010467529,15.596,23.333,3,10.609,8.662,2.747,6.73915892761175,1.96603561590121,10.2855165553868,2.23125329863043,0.439481962214552,0.922044110224568,0.760291879010176,1,3.889,1.225,3.862,3.154,0.995231792492001,0.27476383265857,0.111097579105336,499.996070726916,200.002946954813,299.99115913556,61.544516607118,59.8912512103777,330.41139244761,0.6299334401324,240.058057469727,30.064108763903
173.333,34.987,254,127,169,128,0.395,-0.958,67315,67321.2214812412,127281,4188.79020478639,11433.8977333333,90.465461730957,65.852,96.333,10,45.799,36.708,9.584,28.8729645171441,8.98264282116254,45.2765142236631,8.94947636636463,0.342841323703188,0.986162859521228,0.699892040291373,1,4.817,1.248,4.779,3.83,0.999907585140253,0.528869194930901,0.0622266984295683,100.00013369977,600.000638787789,300.050523657431,119.872821045996,9.91369172424539e-05,29.8728210459959,0.000333856462340218,226.386777799174,89.9996517997121
172.883,35.091,254,127,168,128,0.405,-0.958,47753,47757.7590211799,90321,3053.62805928928,9058.31693333333,80.4735946655273,58.56,79,9,40.756,32.674,8.589,25.6563201632705,7.98303918382369,40.3113247233632,7.9461395095596,0.34698536633499,0.984521661034341,0.702700700470949,1,4.389,1.247,4.745,3.804,0.999900350827227,0.528703180877094,0.0639463082798835,100,500,299.94613950956,59.9992722191726,2.56232363156503e-15,149.999272219173,1.45878263997419e-15,269.681903691742,90
161.603,34.808,254,127,147,129,0.858,-0.498,1036,1038.56478249453,3825,79.4616641890779,642.673933333333,20.0997505187988,15.514,21.667,2.667,10.687,8.664,2.766,6.81131925544358,1.97737943466069,10.107246654966,2.23176147216617,0.457298553921503,0.923650643968208,0.770430160456561,1,4.063,1.234,3.863,3.132,0.997530454972327,0.270849673202614,0.0767004480589555,399.996138996139,200.001930501931,299.993243243243,59.2306539950206,44.9348561752658,149.665194171014,0.458403673996079,240.094062825037,45.0806958046281
168.702,35.695,254,127,162,128,0.53,-0.905,6627,6628.35990494706,17745,523.598775598299,2390.74793333333,40.3608703613281,30.155,45.667,5,20.657,16.727,4.63,12.975166505818,4.01880535590911,20.3469899493758,4,0.363483706161867,0.966605987365236,0.713665959971511,1,4.567,1.235,4.461,3.612,0.999794835379104,0.37345731191885,0.0790099253958501,200,300,300,119.796274217115,14.6478465218843,209.794617204166,0.057283359917554,300.109817632673,75.3292558141298
171.464,35.394,254,127,167,128,0.441,-0.951,20823,20826.0033085013,38857,1436.75504024173,5128.54493333333,60.1414985656738,44.459,64,7,30.673,24.691,6.6,19.2611220574314,5.97193188695371,30.2603307176974,5.95550587609704,0.363543577797311,0.980226195739374,0.713705141922594,1,4.571,1.242,4.647,3.741,0.999855790453079,0.535887999588234,0.0689984651703276,100,399.739710896605,299.949815108294,180,0.0102101078011565,270,0,180,89.9897898921989
155.726,29.084,233,127,142,130,1.037,-0.171,179,174.679115375188,297,33.5103216382911,178.4965,10.1980390548706,7.938,11.667,2,5.489,4.586,1.804,3.26600121183502,1.02714332823533,5.30186435254701,1.00180854528794,0.637190542352917,0.92367192433951,0.860511027787098,1,2.917,1.197,3.042,2.542,1.02473612609917,0.602693602693603,0.187208500772576,600,100.04469273743,300.301675977654,0,89.9753800050585,270,0,180,0.0246199949414758
162.206,35.263,254,127,147,131,0.83,-0.573,1018,1020.7429491598,3553,79.4616641890779,642.423166666667,19.8997478485107,15.677,22.667,2.667,10.612,8.704,2.728,6.64157166421654,2.00250608032539,10.2368849989989,1.99510775504534,0.442063184631837,0.93040649765957,0.761777455966578,1,4.25,1.219,3.89,3.191,0.997312791470115,0.286518435125246,0.0780566445865206,299.992141453831,200.003929273084,299.995088408644,60.6314671184083,29.6770972780754,330.511092187727,0.229300703030055,240.068488159492,60.3320277505955
155.931,32.267,247,127,141,130,1.201,0.24,175,173.8813734409,567,33.5103216382911,187.140633333333,10.1980390548706,8.173,11,2,5.434,4.907,1.708,3.42404850001163,1.02456374971886,5.14385704565384,0.977961227894694,0.528474682006142,0.8860228368212,0.808490141667794,1,2.75,1.108,3.181,2.872,1.00643327423153,0.308641975308642,0.191487552218806,500,100.022857142857,299.96,180,59.0755409785772,270,0,180,30.9244590214228
154.138,29.817,240,127,141,128,1.262,0.614,174,175.405836770297,576,53.1903472608161,171.468533333333,10.0995044708252,8.359,11,2.333,5.109,4.778,1.861,3.37782388152578,0.924927132243125,5.62434359288609,1.41458719872368,0.679199833407487,0.896153474820139,0.879020877854031,1,2.357,1.069,2.746,2.568,0.991985233808737,0.302083333333333,0.30569165092423,400,100.022988505747,299.977011494253,180,45,270,0,180,45
168.687,35.687,252,127,161,129,0.534,-0.907,6613,6612.8949030397,12285,523.598775598299,2340.83673333333,40.0499687194824,30.056,43.333,5,20.653,16.662,4.638,12.9220654338584,3.99784168409114,20.0278882820531,3.94344473007715,0.385599131456377,0.971352861613993,0.727855803224309,1,4.333,1.24,4.453,3.592,1.00001589273107,0.538298738298738,0.0791771927413124,100,300,299.943444730077,120.256437163529,9.23371612867291e-15,30.2564371635292,8.15683112111056e-15,258.812836918438,90
155.64,32.448,247,127,140,130,1.197,0.222,175,173.8813734409,567,33.5103216382911,187.140633333333,10.0498752593994,8.173,11,2,5.434,4.907,1.708,3.42404850001163,1.02456374971886,5.14385704565384,0.977961227894679,0.528474682006142,0.8860228368212,0.808490141667794,1,2.75,1.108,3.181,2.872,1.00643327423153,0.308641975308642,0.191487552218806,300,100.04,299.977142857143,180,30.9244590214228,270,0,180,59.0755409785772
162.663,35.041,252,127,150,131,0.808,-0.577,1001,1002.12932560095,2261,113.097335529233,629.761666666667,20.2237491607666,15.578,23.667,3,10.61,8.74,2.671,6.55250034240848,2.02529689314099,10.3440804327886,2,0.453724115909581,0.944205996944075,0.768417572076018,1,3.944,1.214,3.973,3.273,0.99887307399145,0.442724458204334,0.112984351178054,200,200,300,61.0202923020712,14.9543837388655,331.001022853846,0.05727142524512,240.751173663453,75.0531965234954
154.818,32.596,243,127,140,130,1.257,0.266,170,174.411176805422,450,33.5103216382911,177.423533333333,9.53939247131348,8.134,11,2,5.318,5.105,1.686,3.32942797938441,1.01250555773708,5.06902528115989,0.994552637167534,0.585216476141461,0.911621612461349,0.836447809647259,1,2.75,1.042,3.154,3.028,0.974708175896644,0.377777777777778,0.197119539048771,200,100.029411764706,299.994117647059,180,12.8271234229225,270,0,180,77.1728765770775
162.595,34.896,249,127,151,131,0.842,-0.533,1000,997.999255842935,1615,113.097335529233,618.212133333333,20.2731342315674,15.395,21.333,3,10.541,8.535,2.738,6.54210736839406,1.98824969924427,10.2854286250015,1.95602709592686,0.478673957377702,0.954074074074074,0.782251851961292,1,3.556,1.235,3.85,3.117,1.00200475515924,0.619195046439629,0.113097335529233,99.991,200.005,300.044,60.53928638921,0.00125204447203999,150.53928638921,1.33910337424309e-05,241.171981006159,89.99874757389
155.726,29.084,233,127,142,130,1.037,-0.171,179,174.679115375188,297,33.5103216382911,178.4965,10.0498752593994,7.938,11.667,2,5.489,4.586,1.804,3.26600121183502,1.02714332823531,5.301864352547,1.00180854528793,0.637190542352917,0.92367192433951,0.860511027787098,1,2.917,1.197,3.042,2.542,1.02473612609917,0.602693602693603,0.187208500772576,100,99.6983240223464,300.04469273743,180,0.0246199949414758,270,0,180,89.9753800050585
154.023,34.839,253,127,131,127,1.108,-0.042,13009,13161.175568412,212121,33.5103216382911,10540.4643333333,90.1886901855469,65.474,97,2,47.882,38.537,1.821,27.2068431825995,9.84294399512367,45.2664311053938,1.0330332073919,0.016344098528673,0.847552376976053,0.253777816992638,1,24.25,1.242,26.289,21.158,0.988437539821504,0.061328204185347,0.00257593371037675,599.998078253517,600.00345914367,400.266430932431,29.7480937841093,89.9619750741161,210.000727780827,0.0380280399050369,120.000727780827,0.000159457662491661
154.307,34.827,253,127,131,128,1.099,-0.057,10173,10278.2654610209,152361,33.5103216382911,8339.79126666667,80.1249008178711,58.548,86,2,42.727,33.781,1.819,24.1646078229567,8.75023968778036,40.2518431141256,1.03122497745763,0.0201783160243188,0.848078597856045,0.272246082914627,1,21.5,1.265,23.491,18.572,0.989758441108558,0.0667690550731486,0.00329404518217744,600,500,399.748156885874,144.562467667787,90,329.999272219173,1.21412427891017e-15,239.999272219173,1.14995159404093e-16
152.883,34.492,254,127,129,128,1.177,0.124,13559,13744.3856162305,291115,53.1903472608161,10630.1209333333,90.5593719482422,65.653,101,2.333,47.996,38.397,1.894,27.3718937410488,9.89457867205267,45.453272709454,1.4142135623731,0.0173098410151145,0.815834183289516,0.258680897863133,1.5,21.643,1.25,25.338,20.27,0.98651190228455,0.0465760953575048,0.00392288127891556,500,600,400,300.157381023327,60.0178903171038,210.000727780827,0.0572970209619876,119.999272229847,30.0001819402033
153.008,34.433,254,127,130,128,1.179,0.129,10698,10846.0380612227,205261,53.1903472608161,8428.6417,80.349235534668,58.074,89,2.333,42.525,34.206,1.894,24.3426471181278,8.77487069700145,40.1775994329675,1.41177016525615,0.0216164704340065,0.818018254711305,0.278566098127416,1.5,19.071,1.243,22.453,18.061,0.986350955031959,0.0521190094562533,0.00497198983555955,499.997850065433,499.999158721256,400.002617311647,239.173926160889,60.0202749473134,329.793065981627,0.401163202905274,60.000727770153,30.0001819402033
152.978,34.519,254,127,129,128,1.172,0.11,13508,13700.8312214245,309205,53.1903472608161,10631.7989,90.5648956298828,65.58,89,2.333,47.937,38.489,1.887,27.394160581527,9.90634444310956,45.4786150131232,1.41191241007082,0.0171717365678451,0.815610876853663,0.25799110884091,2,19.071,1.245,25.404,20.397,0.985925582301678,0.0436862275836419,0.0039376922757489,400.002072845721,600.001184483269,399.997631033462,299.50351029928,45.0149091586743,29.7448812969422,0.22924609296423,119.976235890814,45.0199588518177
155.534,31.295,223,127,141,128,0.703,-0.984,5771,5661.93632840845,8967,33.5103216382911,4182.9299,60.133186340332,42.69,63.333,2,31.217,25.06,1.845,17.2759994935852,6.3551632800067,30.2713575000682,1.02980996645531,0.0514650930873017,0.898959450545784,0.371966864815866,1,15.833,1.246,16.916,13.579,1.01926261004461,0.643582022973124,0.00580667503695913,600,400.006584647375,399.72864321608,180,89.9983481626771,270,0,0,0.00165183732290451
153.031,34.439,254,127,130,128,1.177,0.124,10693,10835.1930618927,211869,53.1903472608161,8412.83753333333,80.3243408203125,58.132,84.333,2.333,42.562,34.18,1.892,24.3783803505348,8.78397149710019,40.3112887414927,1.4142135623731,0.0217182086471909,0.818602751659797,0.279002439340923,1,18.071,1.245,22.494,18.064,0.986876739428597,0.0504698658133092,0.00497431471624578,400,500,400,239.772723959519,44.9940406787115,329.871399760147,0.0572892011808329,59.9535647531895,44.9996847814841
154.359,34.733,254,127,132,128,1.111,-0.051,5739,5790.17222501114,80507,33.5103216382911,4803.23253333333,60.5640144348145,45.113,65.667,2,31.786,25.739,1.809,18.2079521360635,6.56401196721294,30.2820078594534,1,0.0336142934049309,0.850550166542693,0.32273147944229,1,16.417,1.235,17.566,14.225,0.991162227473978,0.0712857267069944,0.00583905238513524,500,400,400,180,59.9992722191726,270,0,180,30.0007277808274
153.636,34.746,254,127,130,127,1.136,0.022,13267,13406.3510067454,265650,33.5103216382911,10852.4761,90.0777435302734,66.447,98.333,2,47.771,38.348,1.863,27.1987113450808,9.83464816638701,45.2282856635693,0.997673175815003,0.0155743997464977,0.829019424072351,0.249729840141086,1,24.583,1.246,25.643,20.585,0.989605597624943,0.0499416525503482,0.00252584017775617,300.002185874727,600.003844124519,399.997663375292,299.999272229847,30.0001819402033,210.000727780827,0.00443020712875181,120.000727780827,59.9998180517909
153.807,34.324,252,127,132,128,1.182,0.211,5837,5940.70640800152,90601,53.1903472608161,4661.87493333333,60.5970306396484,44.041,61,2.333,31.812,25.493,1.865,18.1685347088197,6.52366114444958,30.2985148150862,1.4142135623731,0.038032064876954,0.847238080935478,0.336292076662858,1,13.071,1.248,17.057,13.669,0.982543084798495,0.0644253374686814,0.00911261731382835,400,400,400,180,45,270,0,180,45
153.835,34.12,253,127,132,128,1.167,0.128,2629,2650.64589150649,20213,33.5103216382911,2199.1289,40.1621704101562,29.365,43.667,2,21.321,17.33,1.832,12.2561054207732,4.369610257982,20.3408139977178,1.05648198330135,0.0734990097674732,0.863913700885714,0.418884055249454,1,10.917,1.23,11.638,9.46,0.991833729440868,0.130064809775887,0.0127464137079845,600,300,399.659186002282,NA,90,30.0007277808274,0,120.000727780827,0
153.431,34.531,254,127,130,128,1.153,0.067,10465,10574.0164917452,189543,33.5103216382911,8633.81873333334,80.3243408203125,59.035,87.667,2,42.533,34.104,1.857,24.2362238663987,8.76181154749906,40.3161840533233,0.997344785636673,0.0192451836401385,0.829915284855875,0.267983066986035,1.5,21.917,1.247,22.909,18.369,0.989690153043518,0.0552117461473122,0.0032021329802476,299.993788819876,499.998566650741,400.002675585284,240.000727770153,30.0001819402033,329.999272219173,0.00322410444087618,59.9992722191726,59.9998180517909
153.163,33.991,253,127,132,128,1.212,0.214,2707,2744.39575507984,27125,19.4041850999889,2225.01506666667,40.2988815307617,30.008,45,1.667,21.572,17.229,1.879,12.4039142029209,4.4114025197638,20.1494416796099,1.4142135623731,0.0752367481782442,0.832018086697793,0.422159602444981,1,13.5,1.252,11.48,9.168,0.986373774623931,0.0997972350230415,0.00716815112670442,500,300,400,120.610567844325,59.9603165524729,30.206934018373,0.286547438364378,300.032384587542,30.0746263990018
154.379,34.739,254,127,132,128,1.111,-0.048,5739,5790.17222501096,80507,33.5103216382911,4803.23253333333,60.5640144348145,45.113,65.667,2,31.786,25.739,1.809,18.2079521360635,6.56401196721289,30.2820078594534,1,0.0336142934049309,0.850550166542693,0.32273147944229,1,16.417,1.235,17.566,14.225,0.991162227474009,0.0712857267069944,0.00583905238513524,300,400,400,180,30.0007277808274,270,0,180,59.9992722191726
153.438,34.007,254,127,132,128,1.198,0.192,2687,2719.09109277896,29667,19.4041850999889,2199.21966666667,40.1995010375977,29.799,42.333,1.667,21.432,17.234,1.874,12.382696966376,4.41085782998511,20.1990098767242,1.4142135623731,0.0767682913727878,0.833024634793775,0.425004920584853,1,12.7,1.244,11.435,9.196,0.98819786035702,0.0905720160447635,0.0072215054335649,400,300,400,119.50351029928,45.0554008485275,209.744881296942,0.17193497112474,299.935766056383,44.9848487049563
154.44,34.986,254,127,132,127,1.088,-0.083,12762,12877.6261299188,163625,33.5103216382911,10453.2925666667,90.6972961425781,66.752,100.333,2,47.83,38.357,1.796,27.0398036447753,9.80299582398776,45.5156599285041,0.999065632943055,0.0161261441369746,0.852277836074713,0.252644692481079,1,25.083,1.247,26.63,21.356,0.991021161140086,0.0779954163483575,0.00262578918964826,200.002977589719,600.001723867732,399.99905970851,300.200942833269,14.9515370035747,210.128600239853,0.0460318785852613,119.937332807623,75.0193192744894
153.945,33.398,252,127,135,131,1.257,0.281,672,674.430475549564,2835,33.5103216382911,606.061166666667,20.1246109008789,15.43,22.667,2,10.899,8.776,1.81,6.32223885678337,2.17578825149608,10.2113144031646,1.01775379766358,0.229425426139257,0.880259141229262,0.612181943336815,1,5.667,1.242,6.022,4.849,0.996396254858466,0.237037037037037,0.0498665500569808,599.995535714286,199.991071428571,400.21130952381,150.255118703058,89.5380766658413,330.04891735877,0.401273217704563,60.0489173587696,0.00908612062478739
153.578,34.134,254,127,132,128,1.193,0.175,2642,2665.94301271331,24255,33.5103216382911,2240.87733333333,40.2988815307617,29.862,44.333,2,21.36,17.222,1.849,12.2634982056519,4.37628506756934,20.1495174261588,0.999633680765463,0.0701558270694013,0.845815972678011,0.412434116580425,1,11.083,1.24,11.555,9.317,0.991018933038281,0.10892599464028,0.0126836947911776,299.997350492051,300.004163512491,400.000378501136,119.228051943145,29.9426752357452,209.410819626867,0.286516338152513,299.901387879291,60.0245979660589
154.539,34.907,254,127,132,128,1.092,-0.071,10080,10167.4450232199,108675,33.5103216382911,8272.3797,80.1997528076172,58.581,83.667,2,42.413,34.14,1.797,24.0117223769536,8.69184382727073,40.1020376659519,0.999410719782711,0.0202993465107626,0.85512859845119,0.272789313178206,1,20.917,1.242,23.605,19.001,0.991399508625796,0.0927536231884058,0.00332443667046539,199.996726190476,499.998908730159,400.000595238095,239.666736002953,14.9494030191209,329.665194171014,0.114603210945008,60.0626671923769,75.0193192744894
154.821,33.223,253,127,136,128,1.193,0.229,670,676.491274199293,3510,19.4041850999889,601.927166666667,20.0499382019043,15.156,23,1.667,10.874,8.737,1.826,6.39457820941872,2.14854744034442,10.2802635288363,1.40689040453792,0.232793122035523,0.849859322879767,0.615162776253896,1.5,6.9,1.245,5.956,4.786,0.990404496780869,0.190883190883191,0.0289614702984909,499.994029850746,200.00447761194,399.986567164179,61.4076261224218,59.6321745805714,330.333284793054,0.630169557944367,239.958636073721,30.3370864386977
155.014,34.959,254,127,133,128,1.065,-0.144,5589,5635.66827802883,49147,33.5103216382911,4688.362,60.6959648132324,43.789,67,2,31.966,25.659,1.764,18.0982906387544,6.5554449168107,30.347981810987,1,0.0342812919683133,0.865746087181721,0.324852136187556,1,16.75,1.246,18.126,14.55,0.991719122608623,0.113720064296905,0.00599576339922904,200,400,400,180,14.9535647531895,270,0,180,75.0464352468105
153.541,33.086,254,128,135,131,1.276,0.397,697,703.213709484402,3825,19.4041850999889,609.788533333333,20.1990089416504,15.352,21.667,1.667,10.828,8.9,1.865,6.47439889443129,2.15997441172222,10.0995049383621,1.4142135623731,0.242314927543326,0.854910858721574,0.623438171863243,1,6.5,1.217,5.806,4.772,0.991163839099557,0.182222222222222,0.0278395769009883,400,200,400,59.0917088712326,44.8933785586307,149.665194171014,0.630293074555272,240.345792447585,45.1463832595041
155.726,29.084,233,127,142,130,1.037,-0.171,179,174.679115375188,297,33.5103216382911,178.4965,10.1980390548706,7.938,11.667,2,5.489,4.586,1.804,3.26600121183502,1.02714332823533,5.30186435254701,1.00180854528794,0.637190542352917,0.92367192433951,0.860511027787098,1,2.917,1.197,3.042,2.542,1.02473612609917,0.602693602693603,0.187208500772576,600,100.04469273743,400.301675977654,0,89.9753800050585,270,0,180,0.0246199949414758
154.471,33.553,253,127,135,131,1.227,0.251,669,671.952173923632,3179,33.5103216382911,602.031166666667,20.1494407653809,15.308,22.667,2,10.706,8.914,1.808,6.3185675250965,2.14701507365013,10.2309095734006,0.991172289649941,0.231978472409688,0.866936614775563,0.614444358923444,1,5.667,1.201,5.923,4.931,0.995606571362968,0.210443535703051,0.0500901668733799,299.98355754858,199.997010463378,399.991031390135,58.8999874120356,30.0679893722372,149.124708317103,0.401197723353891,239.801187882643,59.9213701375114
154.745,34.499,253,127,133,128,1.123,-0.0002077,2545,2565.99000949963,14245,33.5103216382911,2170.88186666667,40.6939811706543,29.417,45,2,21.353,17.302,1.781,12.1513070206858,4.3446741575387,20.3469899493758,1,0.0716010471463604,0.870292283288348,0.415246956407611,1,11.25,1.234,11.988,9.714,0.991819917684042,0.178659178659179,0.0131671204865584,200,300,400,120.46554491946,14.947193511338,30.413230638003,0.17196594494222,299.744881296942,75.0468644264014
155.931,32.267,247,127,141,130,1.201,0.24,175,173.8813734409,567,33.5103216382911,187.140633333333,10.1980390548706,8.173,11,2,5.434,4.907,1.708,3.42404850001163,1.02456374971886,5.14385704565384,0.977961227894694,0.528474682006142,0.8860228368212,0.808490141667794,1,2.75,1.108,3.181,2.872,1.00643327423153,0.308641975308642,0.191487552218806,500,100.022857142857,399.96,180,59.0755409785772,270,0,180,30.9244590214228
154.138,29.817,240,127,141,128,1.262,0.614,174,175.405836770297,576,53.1903472608161,171.468533333333,10.0995044708252,8.359,11,2.333,5.109,4.778,1.861,3.37782388152578,0.924927132243125,5.62434359288609,1.41458719872368,0.679199833407487,0.896153474820139,0.879020877854031,1,2.357,1.069,2.746,2.568,0.991985233808737,0.302083333333333,0.30569165092423,400,100.022988505747,399.977011494253,180,45,270,0,180,45
155.64,32.448,247,127,140,130,1.197,0.222,175,173.8813734409,567,33.5103216382911,187.140633333333,10.0498752593994,8.173,11,2,5.434,4.907,1.708,3.42404850001163,1.02456374971886,5.14385704565384,0.977961227894679,0.528474682006142,0.8860228368212,0.808490141667794,1,2.75,1.108,3.181,2.872,1.00643327423153,0.308641975308642,0.191487552218806,300,100.04,399.977142857143,180,30.9244590214228,270,0,180,59.0755409785772
155.026,33.759,249,127,135,128,1.19,0.162,651,656.833711926367,2261,33.5103216382911,586.9194,20.5912609100342,15.473,23.667,2,10.968,8.738,1.766,6.24710932038541,2.17507920946253,10.3440804327886,1,0.23707128619617,0.890222424464512,0.618908316684382,1,5.917,1.255,6.211,4.948,0.991118434056532,0.287925696594427,0.0514751484459157,200,200,400,57.8563125675286,15.0076544569112,147.994616791917,0.630226895910878,240.172915345525,74.9713393954703
154.818,32.596,243,127,140,130,1.257,0.266,170,174.411176805422,450,33.5103216382911,177.423533333333,9.53939247131348,8.134,11,2,5.318,5.105,1.686,3.32942797938441,1.01250555773708,5.06902528115989,0.994552637167534,0.585216476141461,0.911621612461349,0.836447809647259,1,2.75,1.042,3.154,3.028,0.974708175896644,0.377777777777778,0.197119539048771,200,100.029411764706,399.994117647059,180,12.8271234229225,270,0,180,77.1728765770775
155.726,29.084,233,127,142,130,1.037,-0.171,179,174.679115375188,297,33.5103216382911,178.4965,10.0498752593994,7.938,11.667,2,5.489,4.586,1.804,3.26600121183502,1.02714332823531,5.301864352547,1.00180854528793,0.637190542352917,0.92367192433951,0.860511027787098,1,2.917,1.197,3.042,2.542,1.02473612609917,0.602693602693603,0.187208500772576,100,99.6983240223464,400.04469273743,180,0.0246199949414758,270,0,180,89.9753800050585
155.5,30.228,228,127,138,131,0.823,-0.76,672,660.105220325402,969,33.5103216382911,546.937033333333,20.2484569549561,14.549,20.333,2,10.595,8.6,1.854,5.97256417681634,2.09053803852123,10.2803247719312,0.982262348430946,0.312161204402868,0.923936121519264,0.678359080075051,1,5.083,1.232,5.716,4.64,1.01801952068904,0.693498452012384,0.0498665500569808,99.9866071428571,200.00744047619,400.017857142857,61.5633713073859,0.000720490075543253,331.563371307386,1.21228043743379e-05,240.600031397378,89.9992798684044
155.446,30.956,223,127,140,128,0.736,-0.934,2603,2552.81746397675,4095,33.5103216382911,1961.74466666667,40,28.682,40.333,2,20.921,16.905,1.842,11.6522021562682,4.24702358978129,20.0000037782578,0.987706492508664,0.101501688747343,0.905359868129728,0.466470756552612,1,10.083,1.238,11.358,9.177,1.0196577063309,0.635653235653236,0.0128737309405652,100,300,399.987706492509,120.38423729443,1.16206372976214e-16,210.38423729443,3.03430933478551e-16,9.44073656188849,90
155.534,31.295,223,127,141,128,0.703,-0.984,5771,5661.93632840856,8967,33.5103216382911,4182.9299,60.133186340332,42.69,63.333,2,31.217,25.06,1.845,17.2759994935852,6.35516328000647,30.2713575000682,1.02980996645531,0.0514650930873017,0.898959450545784,0.371966864815866,1,15.833,1.246,16.916,13.579,1.01926261004459,0.643582022973124,0.00580667503695913,100,399.72864321608,399.993415352625,180,0.00165183732290451,270,0,180,89.9983481626771
155.498,31.354,223,127,141,128,0.699,-0.988,10245,10051.2901275724,15939,33.5103216382911,7293.098,80.6225738525391,56.43,79,2,41.614,33.354,1.846,22.9836252088262,8.48853784762578,40.3112889915475,0.99551000488043,0.0306013193280072,0.894137617737839,0.312785575589168,1,19.75,1.248,22.544,18.069,1.01927214018986,0.642763034067382,0.00327089523067751,100,500,399.99551000488,240.127178954004,3.81992306554253e-15,330.127178954004,3.40446488634686e-15,101.872464389508,90
155.455,31.432,224,127,142,127,0.695,-0.992,12948,12705.7482819261,20097,33.5103216382911,9145.06063333333,90.3769912719727,63.434,88.333,2,46.802,37.459,1.847,25.8172281417196,9.53990336786298,45.2734290550301,0.995835611221303,0.0247912250100996,0.892825607474792,0.29158554845616,1,22.083,1.249,25.339,20.28,1.0190663086265,0.64427526496492,0.00258806932640494,100.003012048193,600.001776336114,400.004170528267,299.666715206946,1.91006366130496e-06,29.6667152069465,4.41537511627995e-08,121.010903840513,89.9999980894037
144.096,23.424,192,127,129,127,0.986,-0.747,655,628.788810396613,819,33.5103216382911,726.504133333333,90,43.234,91,2,48.202,1.879,1.879,18.4677196086454,10.9289292815353,45.2381679389313,1.0279708007209,0.12653792396662,0.840840701209474,0.502042212667245,1,22.75,25.651,25.651,1,1.04168520363277,0.7997557997558,0.0511607963943376,600,600,500.238167938931,NA,90,270,0,0,0
143.657,23.279,192,127,129,127,1.011,-0.699,589,565.931523115127,729,33.5103216382911,651.5332,80,38.601,81,2,43.253,1.882,1.882,16.6023908552125,9.76910735641513,40.2376910016978,1.02786040505902,0.141864362410094,0.845648123830401,0.52154418012829,1,20.25,22.987,22.987,1,1.04076195783881,0.8079561042524,0.0568935851244331,600,500,499.762308998302,NA,90,270,0,0,0
144.407,29.943,251,127,128,127,1.793,2.194,609,614.975773234814,70863,19.4041850999889,731.597466666667,89.5097732543945,46.95,99,1.667,50.031,1.854,1.808,19.8288152623758,12.0646541814852,44.7548880012005,1,0.107119954579271,0.767007475847263,0.474923281540267,1,29.7,26.985,27.677,1.026,0.990282912766822,0.00859404766944668,0.0318623729063857,500,600,500,300.099869192713,59.9749761118102,90.3849602509549,26.6927104137594,186.950112452063,12.8250168523122
143.698,29.69,250,127,128,127,1.841,2.267,539,543.43838913713,52185,19.4041850999889,661.694533333333,80.349235534668,42.194,89,1.667,44.815,1.845,1.795,17.6544983728048,10.8381433378221,40.1746188532013,1,0.113411544197937,0.764290984432831,0.484045018064546,1,26.7,24.292,24.962,1.028,0.991832764806739,0.0103286384976526,0.0360003434137085,500,500,500,240.155696280143,59.9815672414143,62.4879973761485,30.0029114435871,331.897176438225,1.03133383256256
144.478,30.546,252,127,128,127,1.746,1.836,626,632.756871413178,120120,19.4041850999889,757.549466666667,89.6437377929688,46.502,94,1.667,50.723,1.848,1.837,20.2925690950463,12.2086366709664,45.3586928578297,0.976805385602949,0.101945497490156,0.753106120826292,0.467149637863941,1,28.2,27.445,27.613,1.006,0.98932153609318,0.00521145521145521,0.0309971007987043,400.044728434505,600.025559105431,499.948881789137,300.046435246811,44.9996847814841,113.708061601681,44.8451870019995,206.847294113349,3.1523744627674
144.059,23.52,191,127,129,127,0.987,-0.753,437,419.44415517469,549,33.5103216382911,487.681466666667,60,29.334,61,2,32.183,1.879,1.878,12.3934949712362,7.24986780643328,30.3340968003436,1.05000418291941,0.186211497677101,0.853949664560092,0.571043024758681,1,15.25,17.132,17.133,1,1.04185502315081,0.795992714025501,0.0766826582111925,600.004576659039,400.004576659039,499.66590389016,135,89.9993999031627,225,6.17168744873467e-16,315,0.000599977414910772
143.846,29.517,251,127,128,127,1.856,2.396,545,548.310720356478,80997,19.4041850999889,652.129666666667,78.892333984375,40.731,82.333,1.667,43.909,1.858,1.829,17.4931736213612,10.5515864929774,39.446165846632,1,0.121127709617822,0.758274720332688,0.4947826949688,1,24.7,23.629,24.011,1.016,0.993961963110395,0.00672864427077546,0.0356040093577778,400,500,500,239.994091900692,44.9646242402217,353.748490780446,21.9606604646175,101.394232235917,36.9238779839414
143.959,27.693,222,127,128,127,1.483,0.718,411,408.074293267959,4929,19.4041850999889,503.728733333333,60.0333251953125,31.073,63,1.667,33.387,1.853,1.8,13.1634969948192,7.71099318264782,30.01666243405,0.99513381995132,0.149467181246171,0.789008157423149,0.530699422202049,1,18.9,18.018,18.549,1.029,1.00716954432148,0.0833840535605599,0.0472121291970532,500.004866180049,400,500,180,59.9992722191726,270,0,180,30.0007277808274
145.66,28.648,241,127,128,127,1.367,0.497,624,633.99829126412,121992,33.5103216382911,745.9402,89.2076263427734,46.253,95.667,2,50.365,1.871,1.829,20.0617067313056,12.1030540250171,45.1602431598132,0.965161443710887,0.106098566175155,0.756231657333971,0.473408994425505,1,23.917,26.917,27.537,1.023,0.984229782001172,0.0051150895140665,0.0537024385229024,300.054487179487,600.030448717949,499.963141025641,299.999272229847,30.0001819402033,32.1453513766809,3.72645946640747,128.57125225117,59.6541803141741
143.415,27.275,221,127,129,127,1.621,1.276,419,419.146764715838,5547,33.5103216382911,509.368866666667,59.3969688415527,29.863,57,2,33.036,1.882,1.831,13.128208977272,7.89044192102329,29.698484809835,1,0.150239188496374,0.780520027184009,0.53161155206116,1,14.25,17.551,18.043,1.028,0.999649848863946,0.0755363259419506,0.0799769012847044,400,400,500,180,45,180,45,270,0
144.02,22.282,192,127,131,127,1.031,-0.609,293,281.031417398818,369,33.5103216382911,330.951466666667,40,20.068,41,2,21.612,1.877,1.877,8.3991410304565,4.80647315292564,20.1911262798635,1.01810080780561,0.267851870743199,0.867867915757058,0.644611765436178,1,10.25,11.515,11.515,1,1.04258805905746,0.794037940379404,0.114369698424202,600,300,499.808873720137,NA,90,270,0,0,0
143.945,29.119,253,127,128,127,1.819,2.254,545,550.287393547555,87535,33.5103216382911,658.105266666667,78.9746780395508,41.401,85.667,2,44.178,1.872,1.812,17.5268129406219,10.6654446871671,39.8622628559895,1,0.117858057495206,0.758274720332688,0.49029006495684,1,21.417,23.606,24.383,1.033,0.990391577910829,0.00622608099617296,0.0614868286941122,300,500,500,239.943464230002,29.9362217373802,144.570325434511,9.26718386212687,39.1203479178666,58.3479673927861
145.48,29.824,248,127,129,128,1.762,2.097,275,276.218664565223,7315,19.4041850999889,332.374866666667,39.7492141723633,21.566,44.333,1.667,22.505,1.863,1.798,8.96447031775321,5.33164318122624,19.8746069143518,1,0.232934186755958,0.796407980419404,0.615287007076051,1,13.3,12.083,12.519,1.036,0.995588044105776,0.037593984962406,0.0705606730908687,500,300,500,120.099869192713,59.9749761118102,284.720197241693,29.1359578246494,18.4896725689494,6.66115631421754
143.939,27.719,222,127,128,127,1.483,0.721,411,408.074293267965,4929,19.4041850999889,503.728733333333,60.0333251953125,31.073,63,1.667,33.387,1.853,1.8,13.1634969948192,7.71099318264782,30.01666243405,0.99513381995132,0.149467181246171,0.789008157423149,0.530699422202049,1,18.9,18.018,18.549,1.029,1.00716954432147,0.0833840535605599,0.0472121291970532,300.004866180049,400,500,180,30.0007277808274,270,0,180,59.9992722191726
146.084,29.31,250,127,130,128,1.661,1.643,285,288.344863922758,10875,19.4041850999889,344.774266666667,39.4461669921875,21.188,41.667,1.667,22.913,1.884,1.817,9.25031138405081,5.29501326366693,19.723082923316,1,0.224149391012664,0.783364577601803,0.607452776009441,1,12.5,12.161,12.613,1.037,0.988399779773245,0.0262068965517241,0.068084859999961,400,300,500,119.987059972382,45.2319117298834,259.875328344602,37.222726696545,6.96486617769598,21.2293288281672
145.836,30.963,248,127,128,127,1.645,1.522,614,622.127553520822,85500,33.5103216382911,753.941966666667,89.3756103515625,47.228,98.667,2,51.034,1.846,1.802,20.2047434080672,12.2632766912403,45.4450911585815,0.966351303485921,0.0994890677532167,0.759869343266228,0.463367020728468,1,24.667,27.645,28.315,1.024,0.986935872756599,0.0071812865497076,0.0545770710721354,200.061889250814,600.035830618893,499.980456026059,300.017225577007,15.0717208723773,32.5781371587423,9.4419205068879,153.518348734199,72.1137106486425
144.98,21.592,196,127,133,128,1.066,-0.486,149,142.579412161808,189,33.5103216382911,173.797066666667,20,10.802,21,2,11.044,1.872,1.872,4.46382501806655,2.33970667541497,10.4295302013423,1.0883456224312,0.478296919440864,0.893340663258343,0.782046412126251,1,5.25,5.9,5.9,1,1.04503166159015,0.788359788359788,0.22490148750531,600,200,500.429530201342,NA,90,270,0,0,0
146.109,28.189,228,127,130,127,1.407,0.645,275,275.98334948056,12369,33.5103216382911,332.655466666667,40.2988815307617,21.673,43.667,2,22.375,1.879,1.79,8.98367928040075,5.35625257003573,20.1494416796099,1,0.232345233124704,0.78494887278747,0.61476800302686,1,10.917,11.907,12.502,1.05,0.996436924610085,0.0222330018594874,0.121855715048331,300,300,500,120.261193184064,29.8681967998749,228.317781168335,28.3671004865834,352.988583641867,46.4938984395754
144.423,29.899,248,127,128,127,1.801,2.169,541,546.797179383783,54873,33.5103216382911,659.976933333333,77.9037857055664,41.102,86.333,2,44.419,1.87,1.794,17.5834786082149,10.6054698137069,39.3700393700591,1,0.115149122556842,0.766952617026878,0.486504517874424,1,21.583,23.749,24.754,1.042,0.989397934732736,0.00985912926211434,0.0619414448027562,200,500,500,240.063814640958,15.0109336973344,147.533258558169,9.20509043738602,26.9863360812466,72.3015076388224
146.212,28.83,246,127,132,129,1.847,2.324,132,133.350010113177,1134,19.4041850999889,167.205666666667,19.7230834960938,11.327,22.667,1.667,11.124,1.817,1.807,4.64902823243015,2.47624428648554,10.2176329429492,0.972356674423402,0.421548220734649,0.820173107500043,0.749806303007547,1,6.8,6.124,6.155,1.005,0.989876190395254,0.116402116402116,0.147001402272643,499.969696969697,200.022727272727,499.931818181818,59.3713026865356,60.0996126268037,310.544397166674,10.4891722219688,214.981425564894,27.6389827753054
143.797,27.411,222,127,129,127,1.515,0.854,419,415.557842259727,3009,33.5103216382911,502.771,60.1664352416992,31.421,64.333,2,33.91,1.857,1.801,13.337710442972,7.85090104916823,30.0832194277211,0.990453460620529,0.156231916731423,0.811740828271369,0.538587893455073,1,16.083,18.264,18.833,1.031,1.00828322170881,0.139248919906946,0.0799769012847044,200.009546539379,400,500,180,14.89818725432,270,0,180,75.10181274568
146.094,28.95,247,128,131,128,1.852,2.408,139,138.06030956841,1755,19.4041850999889,170.5838,20.0997505187988,11.369,21.667,1.667,11.36,1.866,1.781,4.78160986190978,2.52870272454384,10.0498756211209,1,0.440218834674949,0.814265343103736,0.760716564869767,1,6.5,6.088,6.379,1.048,1.00680637639107,0.0792022792022792,0.139598453956755,400,200,500,60.0452083774229,44.7176936835477,244.526165048185,45.1828455906702,152.254817549289,2.23599503688502
147.24,22.441,214,127,140,142,1.387,0.88,75,71.6928370781497,99,33.5103216382911,91.2894666666667,10,6.209,11,2,5.625,1.866,1.864,2.5444851418913,1.05857737581247,5.09347294747566,0.978161540850991,0.836205251621522,0.920495946915047,0.942115820832146,1,2.75,3.014,3.017,1.001,1.04612961429111,0.757575757575758,0.446804288510548,600.026666666667,100.026666666667,500.093333333333,135,89.8379434952415,225,2.05551001658415e-14,315,0.171912783514739
146.757,28.113,252,127,133,128,1.818,2.475,136,134.981695903602,1584,19.4041850999889,163.108466666667,18.9736652374268,11.01,22,1.667,11.093,1.849,1.799,4.65829594791464,2.45582234373907,10.1716055397393,0.965477856478043,0.482059532214137,0.824554987620646,0.784091763202172,1,6.6,5.999,6.167,1.028,1.00754401616887,0.0858585858585859,0.142677831617565,299.941176470588,200.029411764706,499.963235294118,61.1834032713261,30.1248111659299,184.665251782551,43.5256700858922,310.287687985685,31.5402076903242
145.586,30.394,241,127,129,128,1.717,1.741,273,275.602878228708,8085,33.5103216382911,338.487,40.6939811706543,21.586,45,2,22.559,1.851,1.801,8.9835211178935,5.30814648406848,20.3469899493758,1,0.217346017219115,0.788162555516535,0.601243732341643,1,11.25,12.185,12.525,1.028,0.990555692867084,0.0337662337662338,0.122748430909491,200,300,500,119.906608754164,14.8320589698871,217.510047315368,26.4354472823533,3.68062217303044,59.0725774218663
149.09,26.267,228,127,140,130,1.443,0.992,67,65.9266326194285,189,19.4041850999889,87.9285,9.48683261871338,6.404,11,1.667,5.682,1.843,1.739,2.61617611411029,1.09776091470717,5.1195117694373,0.946555820639278,0.746814919524119,0.871221105200792,0.907272321373787,1,3.3,3.083,3.268,1.06,1.01628124079638,0.354497354497354,0.289614702984909,500.029850746269,100.059701492537,499.89552238806,0.068206093048758,58.5351089042664,90.1145914062378,0.0127425556685343,180.067169699021,31.4648554912984
145.9,23.697,221,127,135,130,1.714,2.001,70,70.412635384468,192,19.4041850999889,81.9773333333333,9.94987392425537,6.404,10.667,1.667,5.428,1.91,1.851,2.57418065243567,1.0455985448931,5.51613588502322,0.925379128040089,1.00592845367351,0.88025389200219,1.00197225886225,1,3.2,2.842,2.933,1.032,0.994139753721545,0.364583333333333,0.277202644285555,400.085714285714,100.085714285714,499.885714285714,1.134421630977,44.9943844183201,130.57920399727,32.4677830841472,239.878441847474,27.4690090878591
149,26.321,228,127,140,130,1.441,0.982,67,65.9266326194287,189,19.4041850999889,87.9285,9.43398094177246,6.404,11,1.667,5.682,1.843,1.739,2.61617611411029,1.09776091470717,5.1195117694373,0.946555820639264,0.746814919524119,0.871221105200792,0.907272321373787,1,3.3,3.083,3.268,1.06,1.01628124079638,0.354497354497354,0.289614702984909,300.029850746269,100.10447761194,499.940298507463,0.0417392627095268,31.4648662520843,269.987257418846,0.114591403403847,179.890238104555,58.5350801699611
146.299,28.627,248,127,134,128,1.918,2.613,137,138.89333148168,1309,33.5103216382911,167.4054,19.7989902496338,11.558,22.333,2,11.551,1.828,1.801,4.74149663929395,2.60366069564028,9.89949493661167,1,0.452465133958119,0.827110644592782,0.767706185283448,1,5.583,6.32,6.414,1.015,0.986368449359788,0.104660045836516,0.244600887870738,200,200,500,60.1447932049174,14.9501295420109,325.293447348382,17.4620644602118,188.416374387816,66.651879358528
147.538,27.003,224,127,135,130,1.467,0.809,65,64.6966983915555,150,33.5103216382911,83.7949666666667,9.48683261871338,6.289,11,2,5.659,1.844,1.716,2.51359335816275,1.11276793098315,4.9574282319118,0.964334396567056,0.812129505484311,0.894190059403249,0.932985934316057,1,2.75,3.068,3.297,1.075,1.00468805388814,0.433333333333333,0.515543409819863,200.046153846154,100.138461538462,499.969230769231,0.705867114482444,13.0065512673645,90.8593722436447,0.515590095928129,183.066485501126,77.0304087578003
147.24,22.441,214,127,140,142,1.387,0.88,75,71.6928370781497,99,33.5103216382911,91.2894666666667,10,6.209,11,2,5.625,1.866,1.864,2.5444851418913,1.05857737581247,5.09347294747569,0.978161540850994,0.836205251621522,0.920495946915047,0.942115820832146,1,2.75,3.014,3.017,1.001,1.04612961429111,0.757575757575758,0.446804288510548,100.026666666667,99.9066666666667,500.026666666667,0.114591406237793,0.114591177056272,270,45,90.243120660417,44.9997420934256
145.721,26.696,227,127,131,128,1.541,0.996,136,134.069751052109,594,19.4041850999889,167.817666666667,19.7230834960938,11.068,21.333,1.667,11.093,1.852,1.785,4.5718143401013,2.38102737110321,10.2199269781856,0.965505855545908,0.442605855399681,0.842810817604867,0.762089044390655,1,6.4,5.989,6.213,1.038,1.01439734863937,0.228956228956229,0.142677831617565,99.9338235294118,200.036764705882,500,60.3332847930535,0,NA,90,150.333284793054,0
144.178,27.106,222,127,130,128,1.52,0.876,281,279.752872516266,2205,19.4041850999889,340.496266666667,38.5875625610352,21.039,41.667,1.667,22.599,1.874,1.8,9.06325665426278,5.12526238687013,19.723082923316,1,0.226218412182826,0.811988337713382,0.609316094744601,1,12.5,12.058,12.556,1.041,1.00445796131606,0.127437641723356,0.0690540395017398,100,300,500,119.872821045996,0,NA,90,209.872821045996,0
144.059,23.52,191,127,129,127,0.987,-0.753,437,419.444155174691,549,33.5103216382911,487.681466666667,59,29.334,61,2,32.183,1.879,1.878,12.3934949712362,7.24986780643331,30.3340968003436,1.05000418291939,0.186211497677101,0.853949664560092,0.571043024758681,1,15.25,17.132,17.133,1,1.04185502315081,0.795992714025501,0.0766826582111925,100.004576659039,399.66590389016,499.995423340961,359.999575667457,0.000424332543054493,90,45,269.999151503803,44.9999999968586
143.418,27.485,223,127,128,127,1.536,0.904,557,553.576450688085,8733,19.4041850999889,676.4622,80.6225738525391,41.212,84.333,1.667,44.734,1.858,1.815,17.6306479685214,10.3757104604531,40.3112887414927,1,0.11335277660278,0.782065004367293,0.483961396134972,1,25.3,24.081,24.648,1.024,1.00618442007,0.0637810603458147,0.034836957091542,100,500,500,59.9992722191726,0,NA,90,149.999272219173,0
143.615,27.689,224,127,128,127,1.517,0.847,624,620.517874519358,10902,19.4041850999889,751.454733333333,89.1852035522461,46.033,94,1.667,49.571,1.861,1.83,19.4942539619405,11.4140955525404,45.2043666285274,0.965172087308578,0.103779859814755,0.781036055694525,0.469934893372899,1,28.2,26.644,27.082,1.016,1.00561164411797,0.0572372041827188,0.0310964504807514,100.0625,600.036858974359,500.003205128205,300.000727780827,2.71530672852991e-05,30.3092637938794,89.9946322162979,210.000727780827,0.00536815966768524
